batch_type,arrival_time_scale,dcp_size,suite,execution_mode,method,mega_num_comm_sm,case_count,p50_latency_ms_min,p50_latency_ms_mean,p50_latency_ms_p50,p50_latency_ms_max,workload_weighted_effective_tflops_per_gpu,workload_weighted_effective_kv_bandwidth_gbps_per_gpu,total_effective_flops,total_logical_kv_bytes_per_gpu,total_p50_latency_ms
decode_only,1,2,baseline,cuda_graph,sglang_mha_ag_ar_min_fa3_varlen,,87,0.11588800325989723,0.13644947111606598,0.1340639963746071,0.17318399995565414,24.28573898243507,190.09721509075177,2306388262912,2256663808.0,11.87110398709774
decode_only,1,2,baseline,cuda_graph,vllm_a2a_min_fa3_varlen,,87,0.061904000118374825,0.07528882771302228,0.0732319988310337,0.1048160009086132,44.014182986713266,344.52209242306543,2306388262912,2256663808.0,6.550128011032939
decode_only,1,2,baseline,cuda_graph,vllm_ag_rs_min_fa3_varlen,,87,0.06782400235533714,0.0817108968294215,0.07940800115466118,0.11124799773097038,40.55488763920783,317.44437359339355,2306388262912,2256663808.0,7.10884802415967
decode_only,1,2,baseline,eager,sglang_mha_ag_ar_min_fa3_varlen,,87,0.4495680034160614,0.45958492057076816,0.45742399990558624,0.6287840008735657,7.210367641524538,56.43932883515052,2306388262912,2256663808.0,39.98388808965683
decode_only,1,2,baseline,eager,vllm_a2a_min_fa3_varlen,,87,0.3125600069761276,0.3219985281941534,0.32012800872325897,0.4069119989871979,10.291277598070277,80.55522677460824,2306388262912,2256663808.0,28.01387195289135
decode_only,1,2,baseline,eager,vllm_ag_rs_min_fa3_varlen,,87,0.32420800626277924,0.33464809207395574,0.3324960023164749,0.4715840071439743,9.902271425721327,77.51027145864553,2306388262912,2256663808.0,29.11438401043415
decode_only,1,2,mega,eager,dcp_mega_varlen,4,87,0.04328000172972679,0.06847871300475351,0.06639999896287918,0.10547199845314026,48.391333516826805,378.7843451142191,2306388262912,2256663808.0,5.957648031413555
decode_only,1,2,mega,eager,dcp_mega_varlen,8,87,0.04411200061440468,0.06787108069007423,0.06566400080919266,0.10593600198626518,48.82456866935836,382.17550385290235,2306388262912,2256663808.0,5.904784020036459
decode_only,1,2,mega,eager,dcp_mega_varlen,12,87,0.0435199998319149,0.0684275863499477,0.0658240020275116,0.10684800148010254,48.42748979730197,379.06735928279517,2306388262912,2256663808.0,5.95320001244545
decode_only,1,2,mega,eager,dcp_mega_varlen,16,87,0.04368000105023384,0.06909535624001217,0.06617599725723267,0.10604800283908844,47.959463850294604,375.4038747505493,2306388262912,2256663808.0,6.01129599288106
decode_only,1,2,mega,eager,dcp_mega_varlen,20,87,0.04390399903059006,0.06950491925851367,0.06668800115585327,0.10604800283908844,47.676859065053684,373.19177889114496,2306388262912,2256663808.0,6.046927975490689
mixed_prefill,1,2,baseline,cuda_graph,sglang_mha_ag_ar_min_fa3_varlen,,13,0.15116800367832184,0.6027224568220285,0.5108799934387207,1.7503999471664429,303.5989521584566,54.76959561922654,19030534258688,429141248.0,7.835391938686371
mixed_prefill,1,2,baseline,cuda_graph,vllm_a2a_min_fa3_varlen,,13,0.0753760002553463,0.4785600032370824,0.3580640107393265,1.619488000869751,382.36773883271184,68.97957415470718,19030534258688,429141248.0,6.221280042082071
mixed_prefill,1,2,baseline,cuda_graph,vllm_ag_rs_min_fa3_varlen,,13,0.0827840007841587,0.49634338370882547,0.38313600420951843,1.6643840074539185,368.6679672572913,66.50811981032611,19030534258688,429141248.0,6.452463988214731
mixed_prefill,1,2,baseline,eager,sglang_mha_ag_ar_min_fa3_varlen,,13,0.4598720073699951,0.7506400094582484,0.565280020236969,1.7695680260658264,243.77318558546187,43.97695941439868,19030534258688,429141248.0,9.75832012295723
mixed_prefill,1,2,baseline,eager,vllm_a2a_min_fa3_varlen,,13,0.32518400251865387,0.5893612332068957,0.39689598977565765,1.5980160236358643,310.48174875340186,56.01125993840308,19030534258688,429141248.0,7.661696031689644
mixed_prefill,1,2,baseline,eager,vllm_ag_rs_min_fa3_varlen,,13,0.33399999141693115,0.6110584609783613,0.4195519983768463,1.6427839994430542,299.4572827623744,54.02243375849141,19030534258688,429141248.0,7.943759992718697
mixed_prefill,1,2,mega,eager,dcp_mega_varlen,4,13,0.05260800011456013,0.382755692761678,0.17961599677801132,1.5327680110931396,478.0749438715057,86.24526259188359,19030534258688,429141248.0,4.9758240059018135
mixed_prefill,1,2,mega,eager,dcp_mega_varlen,8,13,0.04740799963474274,0.4113526100722643,0.1472959965467453,1.8644159436225891,444.8395411940924,80.24955821957724,19030534258688,429141248.0,5.347583930939436
mixed_prefill,1,2,mega,eager,dcp_mega_varlen,12,13,0.0472479984164238,0.408027078383244,0.1486400067806244,1.859552025794983,448.4651044695296,80.90361395025701,19030534258688,429141248.0,5.304352018982172
mixed_prefill,1,2,mega,eager,dcp_mega_varlen,16,13,0.04731199890375137,0.41382277155151737,0.15144000202417374,1.8666239976882935,442.1842366177239,79.77053825966091,19030534258688,429141248.0,5.379696030169725
mixed_prefill,1,2,mega,eager,dcp_mega_varlen,20,13,0.04758400097489357,0.41332061789356744,0.15783999860286713,1.8641120195388794,442.72145741507245,79.86745350136326,19030534258688,429141248.0,5.373168032616377
decode_only,1,4,baseline,cuda_graph,sglang_mha_ag_ar_min_fa3_varlen,,87,0.12556800246238708,0.14616882783928137,0.14364800602197647,0.1841759979724884,22.670881943855534,88.96035052848016,2306388262912,1131281024.0,12.716688022017479
decode_only,1,4,baseline,cuda_graph,vllm_a2a_min_fa3_varlen,,87,0.06694399937987328,0.07815521844159598,0.07715199887752533,0.10001600161194801,42.3999357418778,166.37699209601246,2306388262912,1131281024.0,6.79950400441885
decode_only,1,4,baseline,cuda_graph,vllm_ag_rs_min_fa3_varlen,,87,0.07667200267314911,0.08819898873053748,0.08646400272846222,0.11100800335407257,37.57158996391928,147.43060377536258,2306388262912,1131281024.0,7.673312019556761
decode_only,1,4,baseline,eager,sglang_mha_ag_ar_min_fa3_varlen,,87,0.43515199422836304,0.4430765965204129,0.4421280026435852,0.459647998213768,7.479014386767376,29.347589701277464,2306388262912,1131281024.0,38.547663897275925
decode_only,1,4,baseline,eager,vllm_a2a_min_fa3_varlen,,87,0.3089759945869446,0.3168139760864192,0.31649599969387054,0.3259039968252182,10.45969082788246,41.04373904695598,2306388262912,1131281024.0,27.56281591951847
decode_only,1,4,baseline,eager,vllm_ag_rs_min_fa3_varlen,,87,0.3179520070552826,0.3252224363814825,0.324864000082016,0.34031999111175537,10.18926085385163,39.98257409789184,2306388262912,1131281024.0,28.29435196518898
decode_only,1,4,mega,eager,dcp_mega_varlen,4,87,0.045504000037908554,0.06610813805426674,0.06403200328350067,0.09998400136828423,50.12660070831044,196.69636059399326,2306388262912,1131281024.0,5.751408010721207
decode_only,1,4,mega,eager,dcp_mega_varlen,8,87,0.04566400125622749,0.06450758611076865,0.06108799949288368,0.10964800044894218,51.37033393445958,201.57675933790415,2306388262912,1131281024.0,5.612159991636872
decode_only,1,4,mega,eager,dcp_mega_varlen,12,87,0.04612800106406212,0.06502473568436744,0.062063999474048615,0.10680000111460686,50.96177946652931,199.97359503370717,2306388262912,1131281024.0,5.657152004539967
decode_only,1,4,mega,eager,dcp_mega_varlen,16,87,0.045471999794244766,0.06514096531974173,0.06204799935221672,0.1074879989027977,50.87084945012034,199.61678641226337,2306388262912,1131281024.0,5.667263982817531
decode_only,1,4,mega,eager,dcp_mega_varlen,20,87,0.04553600028157234,0.06533333344449258,0.0628800019621849,0.10647999867796898,50.72106480884659,199.02903273666772,2306388262912,1131281024.0,5.684000009670854
mixed_prefill,1,4,baseline,cuda_graph,sglang_mha_ag_ar_min_fa3_varlen,,13,0.1786080002784729,0.7027532303562531,0.6339200139045715,1.8780959844589233,260.3842976869359,24.55387602211419,19030534258688,224319104.0,9.13579199463129
mixed_prefill,1,4,baseline,cuda_graph,vllm_a2a_min_fa3_varlen,,13,0.08804799988865852,0.5147495398727747,0.3784960061311722,1.746559977531433,355.4853227819595,33.52177001765268,19030534258688,224319104.0,6.691744018346071
mixed_prefill,1,4,baseline,cuda_graph,vllm_ag_rs_min_fa3_varlen,,13,0.1000480018556118,0.5414190793839785,0.4180479943752289,1.7136639952659607,337.9746176321272,31.870534950376385,19030534258688,224319104.0,7.03844803199172
mixed_prefill,1,4,baseline,eager,sglang_mha_ag_ar_min_fa3_varlen,,13,0.4344640076160431,0.8331212286765759,0.6940959990024567,1.9422239661216736,219.63899134368955,20.711650475787287,19030534258688,224319104.0,10.830575972795486
mixed_prefill,1,4,baseline,eager,vllm_a2a_min_fa3_varlen,,13,0.313616007566452,0.6106560035393789,0.4168640077114105,1.691424012184143,299.6546423402819,28.257014738732465,19030534258688,224319104.0,7.938528046011925
mixed_prefill,1,4,baseline,eager,vllm_ag_rs_min_fa3_varlen,,13,0.3238240033388138,0.6424812365036744,0.45339199900627136,1.746016025543213,284.8112846521891,26.85730681600848,19030534258688,224319104.0,8.352256074547768
mixed_prefill,1,4,mega,eager,dcp_mega_varlen,4,13,0.0713919997215271,0.5080603094628224,0.4225279986858368,1.6631360054016113,360.16571837113474,33.96312479231437,19030534258688,224319104.0,6.604784023016691
mixed_prefill,1,4,mega,eager,dcp_mega_varlen,8,13,0.055663999170064926,0.4363852289433663,0.2683520019054413,1.7239199876785278,419.3219527081798,39.541475164245476,19030534258688,224319104.0,5.6730079762637615
mixed_prefill,1,4,mega,eager,dcp_mega_varlen,12,13,0.05820799991488457,0.4182953854592947,0.21796800196170807,1.71315199136734,437.4561917115513,41.251508604048055,19030534258688,224319104.0,5.437840010970831
mixed_prefill,1,4,mega,eager,dcp_mega_varlen,16,13,0.05111999996006489,0.4145932342284001,0.19835200160741806,1.7302240133285522,441.3624999792718,41.61986802418901,19030534258688,224319104.0,5.389712044969201
mixed_prefill,1,4,mega,eager,dcp_mega_varlen,20,13,0.051231998950242996,0.4161403081738032,0.1894720047712326,1.7463520169258118,439.72165815072503,41.46513892881754,19030534258688,224319104.0,5.409824006259441
decode_only,1,8,baseline,cuda_graph,sglang_mha_ag_ar_min_fa3_varlen,,87,0.1478400006890297,0.18692156329922294,0.18652800470590591,0.24297599494457245,17.728164591216363,34.9639329788412,2306388262912,568589632.0,16.262176007032394
decode_only,1,8,baseline,cuda_graph,vllm_a2a_min_fa3_varlen,,87,0.0745760016143322,0.09086455160687709,0.08921600133180618,0.12727999687194824,36.469406178913985,71.92588194095718,2306388262912,568589632.0,7.905215989798307
decode_only,1,8,baseline,cuda_graph,vllm_ag_rs_min_fa3_varlen,,87,0.09089599922299385,0.1053309425625993,0.1032479964196682,0.1417280063033104,31.46061507848636,62.04741790485857,2306388262912,568589632.0,9.163792002946138
decode_only,1,8,baseline,eager,sglang_mha_ag_ar_min_fa3_varlen,,87,0.4373119920492172,0.44684579266213825,0.44551999866962433,0.48415999114513397,7.4159280320709,14.625880155563596,2306388262912,568589632.0,38.875583961606026
decode_only,1,8,baseline,eager,vllm_a2a_min_fa3_varlen,,87,0.31387200951576233,0.325824919617039,0.32528001070022583,0.34377600252628326,10.170419879826767,20.058358394366586,2306388262912,568589632.0,28.346768006682396
decode_only,1,8,baseline,eager,vllm_ag_rs_min_fa3_varlen,,87,0.32231999933719635,0.33034740285626774,0.32846400141716003,0.3625600039958954,10.03118599136648,19.783757810676107,2306388262912,568589632.0,28.740224048495293
decode_only,1,8,mega,eager,dcp_mega_varlen,4,87,0.05684800073504448,0.07637222997587302,0.07412799820303917,0.10257599875330925,43.38980596563642,85.57446880310953,2306388262912,568589632.0,6.644384007900953
decode_only,1,8,mega,eager,dcp_mega_varlen,8,87,0.050303999334573746,0.07094823016688742,0.06876800209283829,0.11326399818062782,46.70696128742448,92.11664612522601,2306388262912,568589632.0,6.172496024519205
decode_only,1,8,mega,eager,dcp_mega_varlen,12,87,0.05188800022006035,0.07104018375534436,0.06859200075268745,0.11475200206041336,46.64650433940912,91.997411408759,2306388262912,568589632.0,6.180495986714959
decode_only,1,8,mega,eager,dcp_mega_varlen,16,87,0.05259199999272823,0.07069351731788838,0.06844799965620041,0.11177600175142288,46.875249181830846,92.44854775164085,2306388262912,568589632.0,6.150336006656289
decode_only,1,8,mega,eager,dcp_mega_varlen,20,87,0.05246400088071823,0.07135963230126205,0.06943999975919724,0.11302399635314941,46.43768658765195,91.58557577627354,2306388262912,568589632.0,6.208288010209799
mixed_prefill,1,8,baseline,cuda_graph,sglang_mha_ag_ar_min_fa3_varlen,,13,0.24939199537038803,0.9257636992977216,0.9268639981746674,2.192047953605652,197.65940970935716,10.129518936841729,19030534258688,121908032.0,12.03492809087038
mixed_prefill,1,8,baseline,cuda_graph,vllm_a2a_min_fa3_varlen,,13,0.12326399981975555,0.6232073897352586,0.5255840122699738,1.8356319665908813,293.61960295636374,15.047223568803552,19030534258688,121908032.0,8.101696066558361
mixed_prefill,1,8,baseline,cuda_graph,vllm_ag_rs_min_fa3_varlen,,13,0.13831999897956848,0.6774498459238273,0.5974240005016327,1.8934719562530518,270.10989438488036,13.84241354470887,19030534258688,121908032.0,8.806847997009754
mixed_prefill,1,8,baseline,eager,sglang_mha_ag_ar_min_fa3_varlen,,13,0.4376000016927719,1.0249378486321523,0.9908160269260406,2.2621599435806274,178.5336609217284,9.149375189521857,19030534258688,121908032.0,13.32419203221798
mixed_prefill,1,8,baseline,eager,vllm_a2a_min_fa3_varlen,,13,0.3203200101852417,0.7169181532584704,0.5684800148010254,1.837231993675232,255.2396051095202,13.080350777079625,19030534258688,121908032.0,9.319935992360115
mixed_prefill,1,8,baseline,eager,vllm_ag_rs_min_fa3_varlen,,13,0.32606399059295654,0.7627175404475286,0.6378079950809479,1.9250560402870178,239.91306955674642,12.294906601432821,19030534258688,121908032.0,9.915328025817871
mixed_prefill,1,8,mega,eager,dcp_mega_varlen,4,13,0.10627199709415436,0.7941181527880522,0.9265120029449463,1.985983967781067,230.42655011864068,11.80874771613458,19030534258688,121908032.0,10.323535986244678
mixed_prefill,1,8,mega,eager,dcp_mega_varlen,8,13,0.08071999996900558,0.5740861525902381,0.5397599935531616,1.7265120148658752,318.74293694059395,16.334727602758033,19030534258688,121908032.0,7.463119983673096
mixed_prefill,1,8,mega,eager,dcp_mega_varlen,12,13,0.07488000020384789,0.5137772333736603,0.4201919883489609,1.696768045425415,356.1580670517106,18.252153489753443,19030534258688,121908032.0,6.679104033857584
mixed_prefill,1,8,mega,eager,dcp_mega_varlen,16,13,0.07148800045251846,0.49867446061510307,0.36425599455833435,1.737663984298706,366.944611736943,18.804935210658172,19030534258688,121908032.0,6.48276798799634
mixed_prefill,1,8,mega,eager,dcp_mega_varlen,20,13,0.08524800091981888,0.5048627669994648,0.3641919940710068,1.7683680057525635,362.446823759797,18.574435541781327,19030534258688,121908032.0,6.563215970993042
decode_only,2,2,baseline,cuda_graph,sglang_mha_ag_ar_min_fa3_varlen,,69,0.12371200323104858,0.1635302026634631,0.16102399677038193,0.21449600160121918,43.44883216119856,340.07366786265345,3922068373504,3837249792.0,11.283583983778954
decode_only,2,2,baseline,cuda_graph,vllm_a2a_min_fa3_varlen,,69,0.06995199993252754,0.09375628980173581,0.09188799932599068,0.14049600064754486,75.78367642146232,593.1582397691824,3922068373504,3837249792.0,6.469183996319771
decode_only,2,2,baseline,cuda_graph,vllm_ag_rs_min_fa3_varlen,,69,0.07587200030684471,0.10118260844678119,0.0992480032145977,0.14854400604963303,70.22151768847411,549.6232670789195,3922068373504,3837249792.0,6.981599982827902
decode_only,2,2,baseline,eager,sglang_mha_ag_ar_min_fa3_varlen,,69,0.4325919896364212,0.44080324622168054,0.43958400189876556,0.46115200221538544,16.118747739980076,126.16131188407684,3922068373504,3837249792.0,30.41542398929596
decode_only,2,2,baseline,eager,vllm_a2a_min_fa3_varlen,,69,0.3060159981250763,0.3179784335088039,0.3171039968729019,0.34511999785900116,22.344900094033807,174.8933574281138,3922068373504,3837249792.0,21.940511912107468
decode_only,2,2,baseline,eager,vllm_ag_rs_min_fa3_varlen,,69,0.3170720040798187,0.32935559468856757,0.32865598797798157,0.35465601086616516,21.573024546706527,168.8518935853296,3922068373504,3837249792.0,22.725536033511162
decode_only,2,2,mega,eager,dcp_mega_varlen,4,69,0.05511999875307083,0.08150956520567769,0.0796000026166439,0.12591999769210815,87.1700923797428,682.2796279891477,3922068373504,3837249792.0,5.624159999191761
decode_only,2,2,mega,eager,dcp_mega_varlen,8,69,0.05531200021505356,0.08201275315081728,0.08035200089216232,0.12123199924826622,86.6352616616284,678.0935121616847,3922068373504,3837249792.0,5.658879967406392
decode_only,2,2,mega,eager,dcp_mega_varlen,12,69,0.05507199838757515,0.08209484059741531,0.08115199953317642,0.13127999752759933,86.54863420290623,677.4154797230688,3922068373504,3837249792.0,5.664544001221657
decode_only,2,2,mega,eager,dcp_mega_varlen,16,69,0.05452800169587135,0.08279466688417006,0.08110399916768074,0.1306079998612404,85.81707730948155,671.6895896675171,3922068373504,3837249792.0,5.712832015007734
decode_only,2,2,mega,eager,dcp_mega_varlen,20,69,0.05552000179886818,0.08297136247805927,0.08156800270080566,0.13024000078439713,85.6343214888206,670.2591612954762,3922068373504,3837249792.0,5.72502401098609
mixed_prefill,2,2,baseline,cuda_graph,sglang_mha_ag_ar_min_fa3_varlen,,31,0.2093919962644577,0.7199447731817922,0.6955360174179077,1.4063199758529663,238.63944820699476,83.7777006295304,42608191406080,1869774848.0,22.31828796863556
mixed_prefill,2,2,baseline,cuda_graph,vllm_a2a_min_fa3_varlen,,31,0.11939200013875961,0.5633249078546801,0.5419840216636658,1.1692320108413696,304.98779836650453,107.07021265421977,42608191406080,1869774848.0,17.463072143495083
mixed_prefill,2,2,baseline,cuda_graph,vllm_ag_rs_min_fa3_varlen,,31,0.12702400237321854,0.5872562590145296,0.5651519894599915,1.197696030139923,292.55920354075295,102.70698140984321,42608191406080,1869774848.0,18.204944029450417
mixed_prefill,2,2,baseline,eager,sglang_mha_ag_ar_min_fa3_varlen,,31,0.44115200638771057,0.7899391011845681,0.7566559910774231,1.4687840342521667,217.49426399323207,76.35438932820566,42608191406080,1869774848.0,24.48811213672161
mixed_prefill,2,2,baseline,eager,vllm_a2a_min_fa3_varlen,,31,0.32257600128650665,0.6122379312592168,0.5784319937229156,1.219007968902588,280.6216580835647,98.51613988268609,42608191406080,1869774848.0,18.97937586903572
mixed_prefill,2,2,baseline,eager,vllm_ag_rs_min_fa3_varlen,,31,0.33590400218963623,0.6361806431124287,0.600928008556366,1.2545920014381409,270.06043844884846,94.80847669670477,42608191406080,1869774848.0,19.72159993648529
mixed_prefill,2,2,mega,eager,dcp_mega_varlen,4,31,0.0886559970676899,0.3942167712075095,0.3120959997177124,1.2099040150642395,435.81916336374303,153.00038476970408,42608191406080,1869774848.0,12.220719907432795
mixed_prefill,2,2,mega,eager,dcp_mega_varlen,8,31,0.08959999680519104,0.38851303318815844,0.3000960052013397,1.3259519934654236,442.21740002324697,155.24657482522187,42608191406080,1869774848.0,12.043904028832912
mixed_prefill,2,2,mega,eager,dcp_mega_varlen,12,31,0.0894399993121624,0.38751329109072685,0.30183999240398407,1.3285279870033264,443.35827276538083,155.64709408456903,42608191406080,1869774848.0,12.012912023812532
mixed_prefill,2,2,mega,eager,dcp_mega_varlen,16,31,0.09006400033831596,0.39109161195735775,0.3051359951496124,1.3280479907989502,439.30173432189514,154.22298978888804,42608191406080,1869774848.0,12.123839970678091
mixed_prefill,2,2,mega,eager,dcp_mega_varlen,20,31,0.09012800082564354,0.39442684092829305,0.308351993560791,1.336192011833191,435.58704830345846,152.91889754628718,42608191406080,1869774848.0,12.227232068777084
decode_only,2,4,baseline,cuda_graph,sglang_mha_ag_ar_min_fa3_varlen,,69,0.1403840035200119,0.17720231910546622,0.1764480024576187,0.21793600171804428,40.09651998167567,157.31320533679346,3922068373504,1923462272.0,12.226960018277168
decode_only,2,4,baseline,cuda_graph,vllm_a2a_min_fa3_varlen,,69,0.07587200030684471,0.09646400021038194,0.09430400282144547,0.1300640031695366,73.65645539595711,288.9810162423061,3922068373504,1923462272.0,6.656016014516354
decode_only,2,4,baseline,cuda_graph,vllm_ag_rs_min_fa3_varlen,,69,0.08542400225996971,0.10697205845212591,0.1051040031015873,0.14084800332784653,66.42104893205773,260.59388979665096,3922068373504,1923462272.0,7.381072033196688
decode_only,2,4,baseline,eager,sglang_mha_ag_ar_min_fa3_varlen,,69,0.4479680061340332,0.4550513616506604,0.4536159932613373,0.4917439967393875,15.614053549995091,61.25960091730174,3922068373504,1923462272.0,31.39854395389557
decode_only,2,4,baseline,eager,vllm_a2a_min_fa3_varlen,,69,0.31483200192451477,0.3254332751899526,0.3246400058269501,0.3577279895544052,21.833035741856307,85.65892592059946,3922068373504,1923462272.0,22.454895988106728
decode_only,2,4,baseline,eager,vllm_ag_rs_min_fa3_varlen,,69,0.3263680040836334,0.33467385410398676,0.33403199911117554,0.3471679985523224,21.230210372525644,83.29382313484443,3922068373504,1923462272.0,23.092495933175087
decode_only,2,4,mega,eager,dcp_mega_varlen,4,69,0.054896000772714615,0.08792115958488506,0.08851200342178345,0.11523199826478958,80.81326909652226,317.05979474350045,3922068373504,1923462272.0,6.066560011357069
decode_only,2,4,mega,eager,dcp_mega_varlen,8,69,0.05361600033938885,0.08660173920941526,0.08620800077915192,0.11524799838662148,82.04449926381068,321.8903577003858,3922068373504,1923462272.0,5.975520005449653
decode_only,2,4,mega,eager,dcp_mega_varlen,12,69,0.05409599840641022,0.08555362273709498,0.08460799977183342,0.11423999816179276,83.04962550382885,325.83383286126355,3922068373504,1923462272.0,5.903199968859553
decode_only,2,4,mega,eager,dcp_mega_varlen,16,69,0.05374399945139885,0.08659663747834123,0.0851840004324913,0.11907199770212173,82.04933281143488,321.9093214625841,3922068373504,1923462272.0,5.975167986005545
decode_only,2,4,mega,eager,dcp_mega_varlen,20,69,0.05790400132536888,0.08816602853113327,0.08803199976682663,0.1255519986152649,80.5888214223305,316.1792050296392,3922068373504,1923462272.0,6.083455968648195
mixed_prefill,2,4,baseline,cuda_graph,sglang_mha_ag_ar_min_fa3_varlen,,31,0.21899200230836868,0.8257630964921366,0.7726079821586609,1.7862879633903503,208.05873275453274,37.827025931781364,42608191406080,968321024.0,25.598655991256237
mixed_prefill,2,4,baseline,cuda_graph,vllm_a2a_min_fa3_varlen,,31,0.12428800016641617,0.5669507069453117,0.5063839852809906,1.3335040211677551,303.03732107028753,55.09502269220944,42608191406080,968321024.0,17.57547191530466
mixed_prefill,2,4,baseline,cuda_graph,vllm_ag_rs_min_fa3_varlen,,31,0.13662400096654892,0.6100046464031742,0.5486560165882111,1.4078559875488281,281.6490405846176,51.20643301439873,42608191406080,968321024.0,18.9101440384984
mixed_prefill,2,4,baseline,eager,sglang_mha_ag_ar_min_fa3_varlen,,31,0.46292799711227417,0.8970219271798288,0.8368799984455109,1.8465439677238464,191.53068415145907,34.8220719227236,42608191406080,968321024.0,27.80767974257469
mixed_prefill,2,4,baseline,eager,vllm_a2a_min_fa3_varlen,,31,0.3221919983625412,0.617620644069487,0.5484159886837006,1.3618879914283752,278.1759726805428,50.574996746711435,42608191406080,968321024.0,19.1462399661541
mixed_prefill,2,4,baseline,eager,vllm_ag_rs_min_fa3_varlen,,31,0.33931200206279755,0.656684386153375,0.5889759957790375,1.4449599981307983,261.6283058258761,47.56647595580356,42608191406080,968321024.0,20.357215970754623
mixed_prefill,2,4,mega,eager,dcp_mega_varlen,4,31,0.11019199714064598,0.5723112248364957,0.5179679989814758,1.4823200106620789,300.1989406388049,54.578978550420764,42608191406080,968321024.0,17.741647969931364
mixed_prefill,2,4,mega,eager,dcp_mega_varlen,8,31,0.09318400174379349,0.45383690393740134,0.3999200016260147,1.2649919986724854,378.5660044854145,68.82684460764918,42608191406080,968321024.0,14.06894402205944
mixed_prefill,2,4,mega,eager,dcp_mega_varlen,12,31,0.09193599969148636,0.42035045426699424,0.3631200045347214,1.2385440468788147,408.723772432243,74.3098092256987,42608191406080,968321024.0,13.030864082276821
mixed_prefill,2,4,mega,eager,dcp_mega_varlen,16,31,0.09063999727368355,0.41280051669286144,0.3519359976053238,1.2455520033836365,416.1991481697774,75.6689025361782,42608191406080,968321024.0,12.796816017478704
mixed_prefill,2,4,mega,eager,dcp_mega_varlen,20,31,0.0907679982483387,0.4177109630357835,0.35094399750232697,1.2630719542503357,411.3064741298038,74.77936857941711,42608191406080,968321024.0,12.949039854109287
decode_only,2,8,baseline,cuda_graph,sglang_mha_ag_ar_min_fa3_varlen,,69,0.17929600179195404,0.2326875376528588,0.23081600666046143,0.28356799483299255,30.53535397934235,60.20193193692392,3922068373504,966568512.0,16.055440098047256
decode_only,2,8,baseline,cuda_graph,vllm_a2a_min_fa3_varlen,,69,0.08712000027298927,0.11936695625384648,0.1165120005607605,0.15753600001335144,59.52398010134095,117.35441485630093,3922068373504,966568512.0,8.236319981515408
decode_only,2,8,baseline,cuda_graph,vllm_ag_rs_min_fa3_varlen,,69,0.10107200220227242,0.1328303768043069,0.12987200170755386,0.17387200146913528,53.490748876511624,105.4596067658947,3922068373504,966568512.0,9.165295999497175
decode_only,2,8,baseline,eager,sglang_mha_ag_ar_min_fa3_varlen,,69,0.43083199858665466,0.44556939169980475,0.43985599279403687,0.49956800043582916,15.946329485752932,31.438962292512347,3922068373504,966568512.0,30.74428802728653
decode_only,2,8,baseline,eager,vllm_a2a_min_fa3_varlen,,69,0.3118399977684021,0.32027547752511676,0.3195360004901886,0.33532799780368805,22.18464049672485,43.73809513171132,3922068373504,966568512.0,22.099007949233055
decode_only,2,8,baseline,eager,vllm_ag_rs_min_fa3_varlen,,69,0.3156159967184067,0.32673228996387427,0.3264639973640442,0.3434720039367676,21.746232457150754,42.87375241025817,3922068373504,966568512.0,22.544528007507324
decode_only,2,8,mega,eager,dcp_mega_varlen,4,69,0.07223999872803688,0.10397055037859557,0.10193600133061409,0.171424001455307,68.33854685715256,134.732760895644,3922068373504,966568512.0,7.173967976123095
decode_only,2,8,mega,eager,dcp_mega_varlen,8,69,0.06483200192451477,0.09271211614427359,0.09003200009465218,0.13307200372219086,76.63719289671774,151.0939442105815,3922068373504,966568512.0,6.397136013954878
decode_only,2,8,mega,eager,dcp_mega_varlen,12,69,0.0642239972949028,0.0926863765478998,0.08967999741435051,0.13471999764442444,76.65847553269782,151.13590396004366,3922068373504,966568512.0,6.395359981805086
decode_only,2,8,mega,eager,dcp_mega_varlen,16,69,0.0634239986538887,0.0917423769723678,0.09067199751734734,0.13577600568532944,77.44726660997276,152.69104384080887,3922068373504,966568512.0,6.330224011093378
decode_only,2,8,mega,eager,dcp_mega_varlen,20,69,0.06305600330233574,0.09200231898306073,0.09028800204396248,0.13764800131320953,77.22844823204716,152.25963279172336,3922068373504,966568512.0,6.34816000983119
mixed_prefill,2,8,baseline,cuda_graph,sglang_mha_ag_ar_min_fa3_varlen,,31,0.2804640084505081,1.1305027070545381,1.1024159789085388,2.4116960763931274,151.97418134384398,14.769167870076611,42608191406080,517594112.0,35.04558391869068
mixed_prefill,2,8,baseline,cuda_graph,vllm_a2a_min_fa3_varlen,,31,0.1586879938840866,0.727058585132322,0.6895039975643158,1.709775984287262,236.3045109773989,22.964565166403748,42608191406080,517594112.0,22.538816139101982
mixed_prefill,2,8,baseline,cuda_graph,vllm_ag_rs_min_fa3_varlen,,31,0.17292800545692444,0.8028913529649857,0.7691679894924164,1.8538879752159119,213.98564423087697,20.795571152193812,42608191406080,517594112.0,24.88963194191456
mixed_prefill,2,8,baseline,eager,sglang_mha_ag_ar_min_fa3_varlen,,31,0.4599199891090393,1.2010038754632395,1.1665279865264893,2.4791680574417114,143.05301333465314,13.902190158732395,42608191406080,517594112.0,37.23112013936043
mixed_prefill,2,8,baseline,eager,vllm_a2a_min_fa3_varlen,,31,0.32396799325942993,0.7762229678130919,0.7339200079441071,1.7546719908714294,221.3374642799576,21.510036356055,42608191406080,517594112.0,24.06291200220585
mixed_prefill,2,8,baseline,eager,vllm_ag_rs_min_fa3_varlen,,31,0.33288000524044037,0.8469238718671184,0.8047680258750916,1.8772479891777039,202.86029136579742,19.71438615994543,42608191406080,517594112.0,26.25464002788067
mixed_prefill,2,8,mega,eager,dcp_mega_varlen,4,31,0.14798399806022644,1.002806195808995,0.9822559952735901,2.28710401058197,171.32644785168148,16.649861486540637,42608191406080,517594112.0,31.08699207007885
mixed_prefill,2,8,mega,eager,dcp_mega_varlen,8,31,0.11972800269722939,0.6689858077274214,0.6224319934844971,1.6674879789352417,256.81744130753793,24.958054513568314,42608191406080,517594112.0,20.738560039550066
mixed_prefill,2,8,mega,eager,dcp_mega_varlen,12,31,0.11568000167608261,0.5808118709152744,0.5389760136604309,1.5065760016441345,295.80528913926963,28.746974871145703,42608191406080,517594112.0,18.00516799837351
mixed_prefill,2,8,mega,eager,dcp_mega_varlen,16,31,0.1167680025100708,0.5496738063952615,0.49753598868846893,1.495680034160614,312.56214397101746,30.375440968453702,42608191406080,517594112.0,17.039887998253107
mixed_prefill,2,8,mega,eager,dcp_mega_varlen,20,31,0.1175840012729168,0.5553553557444003,0.5062400102615356,1.4901440143585205,309.3644846214221,30.064685764458602,42608191406080,517594112.0,17.21601602807641
decode_only,4,2,baseline,cuda_graph,sglang_mha_ag_ar_min_fa3_varlen,,54,0.158160001039505,0.21046044401548528,0.20895999670028687,0.25652799010276794,66.74416772625244,522.426049629927,6068307099648,5937300992.0,11.364863976836205
decode_only,4,2,baseline,cuda_graph,vllm_a2a_min_fa3_varlen,,54,0.09137599915266037,0.1264971848577261,0.12280000001192093,0.16761600226163864,111.04600620883429,869.1894487140828,6068307099648,5937300992.0,6.830847982317209
decode_only,4,2,baseline,cuda_graph,vllm_ag_rs_min_fa3_varlen,,54,0.09822400286793709,0.13263822167559905,0.12807999923825264,0.17723199725151062,105.90467059688636,828.946716726054,6068307099648,5937300992.0,7.162463970482349
decode_only,4,2,baseline,eager,sglang_mha_ag_ar_min_fa3_varlen,,54,0.4546239972114563,0.4634491837135068,0.46167200058698654,0.4919840097427368,30.309703131971933,237.2428784734657,6068307099648,5937300992.0,25.026255920529366
decode_only,4,2,baseline,eager,vllm_a2a_min_fa3_varlen,,54,0.31492799520492554,0.3245182205681448,0.32283199578523636,0.34569600224494934,43.2857272251726,338.8100001838949,6068307099648,5937300992.0,17.523983910679817
decode_only,4,2,baseline,eager,vllm_ag_rs_min_fa3_varlen,,54,0.32924799621105194,0.3386263695579988,0.3352240025997162,0.4774720072746277,41.48231926960191,324.694200613749,6068307099648,5937300992.0,18.285823956131935
decode_only,4,2,mega,eager,dcp_mega_varlen,4,54,0.07556800171732903,0.10805718524864426,0.10433599725365639,0.14449600130319595,129.99604924733455,1017.5169575014435,6068307099648,5937300992.0,5.83508800342679
decode_only,4,2,mega,eager,dcp_mega_varlen,8,54,0.07513599842786789,0.10593422191838424,0.1025839988142252,0.14006400108337402,132.60122102877634,1037.908396165689,6068307099648,5937300992.0,5.720447983592749
decode_only,4,2,mega,eager,dcp_mega_varlen,12,54,0.07606399804353714,0.10717985206456096,0.10266399942338467,0.14088000357151031,131.06014707549457,1025.84596127396,6068307099648,5937300992.0,5.787712011486292
decode_only,4,2,mega,eager,dcp_mega_varlen,16,54,0.07433599978685379,0.10712533278597726,0.10303199850022793,0.14102399349212646,131.12684749530942,1026.3680448959396,6068307099648,5937300992.0,5.784767970442772
decode_only,4,2,mega,eager,dcp_mega_varlen,20,54,0.07440000027418137,0.10781274066755066,0.10368799977004528,0.1414560005068779,130.2907901991491,1019.8239808169815,6068307099648,5937300992.0,5.821887996047735
mixed_prefill,4,2,baseline,cuda_graph,sglang_mha_ag_ar_min_fa3_varlen,,46,0.2019519954919815,0.7170570411759875,0.7027519941329956,1.7215840220451355,201.5367206683836,155.26082263186726,53180903456768,5121219840.0,32.98462389409542
mixed_prefill,4,2,baseline,cuda_graph,vllm_a2a_min_fa3_varlen,,46,0.11878400295972824,0.5487766962336458,0.5153360068798065,1.4366559982299805,263.33721093224955,202.87097985581477,53180903456768,5121219840.0,25.243728026747704
mixed_prefill,4,2,baseline,cuda_graph,vllm_ag_rs_min_fa3_varlen,,46,0.12307199835777283,0.5751572175194388,0.5473199933767319,1.470031976699829,251.25882142980922,193.56597239118162,53180903456768,5121219840.0,26.457232005894184
mixed_prefill,4,2,baseline,eager,sglang_mha_ag_ar_min_fa3_varlen,,46,0.4593439996242523,0.8045203494636909,0.7639600187540054,1.786687970161438,179.62668651839329,138.38166574800982,53180903456768,5121219840.0,37.00793607532978
mixed_prefill,4,2,baseline,eager,vllm_a2a_min_fa3_varlen,,46,0.3217119872570038,0.6082900856500086,0.5551439970731735,1.418559968471527,237.573039607177,183.02265434425124,53180903456768,5121219840.0,27.9813439399004
mixed_prefill,4,2,baseline,eager,vllm_ag_rs_min_fa3_varlen,,46,0.33376000821590424,0.6344055682420731,0.5837600082159042,1.5139040350914001,227.79327900797995,175.4884756063104,53180903456768,5121219840.0,29.18265613913536
mixed_prefill,4,2,mega,eager,dcp_mega_varlen,4,46,0.10612800344824791,0.3698208683534809,0.26230400055646896,1.3505759835243225,390.76573816449536,301.0399780375418,53180903456768,5121219840.0,17.01175994426012
mixed_prefill,4,2,mega,eager,dcp_mega_varlen,8,46,0.09923200309276581,0.3535446954648132,0.2422959990799427,1.3524159789085388,408.75545995899523,314.8989859417557,53180903456768,5121219840.0,16.263055991381407
mixed_prefill,4,2,mega,eager,dcp_mega_varlen,12,46,0.09942399710416794,0.35171791303740896,0.22840800136327744,1.3420159816741943,410.8784888514111,316.5345350923747,53180903456768,5121219840.0,16.179023999720812
mixed_prefill,4,2,mega,eager,dcp_mega_varlen,16,46,0.09673599898815155,0.35477808636167774,0.22765600308775902,1.3734399676322937,407.3344159804132,313.80423528599937,53180903456768,5121219840.0,16.319791972637177
mixed_prefill,4,2,mega,eager,dcp_mega_varlen,20,46,0.0963360033929348,0.359093913808465,0.22914399951696396,1.4196320176124573,402.43880236818416,310.0327290602275,53180903456768,5121219840.0,16.51832003518939
decode_only,4,4,baseline,cuda_graph,sglang_mha_ag_ar_min_fa3_varlen,,54,0.1621440052986145,0.2226305184540925,0.2192160002887249,0.2894880026578903,63.095604648684635,247.56926081656755,6068307099648,2976289536.0,12.022047996520996
decode_only,4,4,baseline,cuda_graph,vllm_a2a_min_fa3_varlen,,54,0.08830400183796883,0.1279828147617755,0.12499999813735485,0.17948800325393677,109.7569794918006,430.6552640796463,6068307099648,2976289536.0,6.911071997135878
decode_only,4,4,baseline,cuda_graph,vllm_ag_rs_min_fa3_varlen,,54,0.09998400136828423,0.14315644437792124,0.13840799778699875,0.20839999616146088,98.12347069775055,385.00867444979235,6068307099648,2976289536.0,7.730447996407747
decode_only,4,4,baseline,eager,sglang_mha_ag_ar_min_fa3_varlen,,54,0.42950400710105896,0.4400082975625992,0.44012800604104996,0.45100800693035126,31.924414273375536,125.26234890160808,6068307099648,2976289536.0,23.760448068380356
decode_only,4,4,baseline,eager,vllm_a2a_min_fa3_varlen,,54,0.3091519922018051,0.31598014743239794,0.31520799547433853,0.32598400115966797,44.45534724018187,174.43017650556902,6068307099648,2976289536.0,17.062927961349487
decode_only,4,4,baseline,eager,vllm_ag_rs_min_fa3_varlen,,54,0.3189440071582794,0.32465837040433176,0.32412000000476837,0.34219199419021606,43.26704146767222,169.76760161842265,6068307099648,2976289536.0,17.531552001833916
decode_only,4,4,mega,eager,dcp_mega_varlen,4,54,0.07391999661922455,0.11459822186993228,0.11449600011110306,0.15571200102567673,122.57613552725373,480.9539972744558,6068307099648,2976289536.0,6.188303980976343
decode_only,4,4,mega,eager,dcp_mega_varlen,8,54,0.07425599917769432,0.10943674068484041,0.10924000106751919,0.13552000373601913,128.35732394081575,503.6377412556095,6068307099648,2976289536.0,5.909583996981382
decode_only,4,4,mega,eager,dcp_mega_varlen,12,54,0.07491200044751167,0.10974459239730129,0.10788800194859505,0.1528639942407608,127.99726044138589,502.22495418593627,6068307099648,2976289536.0,5.926207989454269
decode_only,4,4,mega,eager,dcp_mega_varlen,16,54,0.07374400272965431,0.11049837005083207,0.10859199985861778,0.15532799810171127,127.12411204481232,498.79896747376364,6068307099648,2976289536.0,5.966911982744932
decode_only,4,4,mega,eager,dcp_mega_varlen,20,54,0.07438400015234947,0.11106133316126135,0.10909599997103214,0.15915200114250183,126.47972768987762,496.2705859910724,6068307099648,2976289536.0,5.997311990708113
mixed_prefill,4,4,baseline,cuda_graph,sglang_mha_ag_ar_min_fa3_varlen,,46,0.21167999505996704,0.8551120035674261,0.8047839999198914,2.2076799869537354,168.9992936690049,66.4888457298722,53180903456768,2615348864.0,39.3351521641016
mixed_prefill,4,4,baseline,cuda_graph,vllm_a2a_min_fa3_varlen,,46,0.11843200027942657,0.5704483516190363,0.5200800001621246,1.6276800036430359,253.3328814092064,99.66793650221008,53180903456768,2615348864.0,26.24062417447567
mixed_prefill,4,4,baseline,cuda_graph,vllm_ag_rs_min_fa3_varlen,,46,0.131632000207901,0.62039130585997,0.573063999414444,1.7230879664421082,232.93899067534815,91.64443400467235,53180903456768,2615348864.0,28.53800006955862
mixed_prefill,4,4,baseline,eager,sglang_mha_ag_ar_min_fa3_varlen,,46,0.43851199746131897,0.9228528708867405,0.863207995891571,2.273568034172058,156.59411068627253,61.60831469519723,53180903456768,2615348864.0,42.45123206079006
mixed_prefill,4,4,baseline,eager,vllm_a2a_min_fa3_varlen,,46,0.31467199325561523,0.6194869577884674,0.5613760054111481,1.6532319784164429,233.27904291429607,91.7782196576455,53180903456768,2615348864.0,28.4964000582695
mixed_prefill,4,4,baseline,eager,vllm_ag_rs_min_fa3_varlen,,46,0.32287999987602234,0.6635147841728252,0.6112000048160553,1.7627519965171814,217.79970553473203,85.68823399743182,53180903456768,2615348864.0,30.52168007194996
mixed_prefill,4,4,mega,eager,dcp_mega_varlen,4,46,0.10929599776864052,0.5801568670279306,0.5094240009784698,1.8559679985046387,249.09353456610089,98.00006397962592,53180903456768,2615348864.0,26.687215883284807
mixed_prefill,4,4,mega,eager,dcp_mega_varlen,8,46,0.09832000359892845,0.44047095829054067,0.32759199291467667,1.5844320058822632,328.0882017094522,129.0786804823893,53180903456768,2615348864.0,20.26166408136487
mixed_prefill,4,4,mega,eager,dcp_mega_varlen,12,46,0.09715200215578079,0.4056086924089038,0.2873599976301193,1.5243199467658997,356.28754342644925,140.17305632503366,53180903456768,2615348864.0,18.657999850809574
mixed_prefill,4,4,mega,eager,dcp_mega_varlen,16,46,0.09540800005197525,0.3979906110983828,0.27264799922704697,1.5285600423812866,363.10737133208175,142.85615916929743,53180903456768,2615348864.0,18.307568110525608
mixed_prefill,4,4,mega,eager,dcp_mega_varlen,20,46,0.09689600020647049,0.4033147835213205,0.26925600320100784,1.5664960145950317,358.31397834972535,140.9703100653908,53180903456768,2615348864.0,18.552480041980743
decode_only,4,8,baseline,cuda_graph,sglang_mha_ag_ar_min_fa3_varlen,,54,0.1952960044145584,0.2946254812456943,0.2990719974040985,0.37643200159072876,47.67750269161892,94.01664795262155,6068307099648,1495783808.0,15.909775987267494
decode_only,4,8,baseline,cuda_graph,vllm_a2a_min_fa3_varlen,,54,0.09718400239944458,0.15824948182260548,0.15753600001335144,0.20772799849510193,88.76494894850605,175.0381728213111,6068307099648,1495783808.0,8.545472018420696
decode_only,4,8,baseline,cuda_graph,vllm_ag_rs_min_fa3_varlen,,54,0.11187200248241425,0.18264207354298345,0.18425599858164787,0.24480000138282776,76.9100290125936,151.66111296710193,6068307099648,1495783808.0,9.862671971321106
decode_only,4,8,baseline,eager,sglang_mha_ag_ar_min_fa3_varlen,,54,0.45768000185489655,0.4736411864006961,0.4666239991784096,0.6657600104808807,29.657486676480605,58.48245664327523,6068307099648,1495783808.0,25.57662406563759
decode_only,4,8,baseline,eager,vllm_a2a_min_fa3_varlen,,54,0.32758399844169617,0.3353037042198358,0.33563999831676483,0.34673599898815155,41.893385006869615,82.61077882392657,6068307099648,1495783808.0,18.106400027871132
decode_only,4,8,baseline,eager,vllm_ag_rs_min_fa3_varlen,,54,0.3340799957513809,0.34154459171824986,0.3413439989089966,0.3567039966583252,41.12788641870488,81.10126999463205,6068307099648,1495783808.0,18.443407952785492
decode_only,4,8,mega,eager,dcp_mega_varlen,4,54,0.08345600217580795,0.15641007379249292,0.15441600233316422,0.2260960042476654,89.80883925511782,177.09665034041836,6068307099648,1495783808.0,8.446143984794617
decode_only,4,8,mega,eager,dcp_mega_varlen,8,54,0.0835840031504631,0.1261422219513743,0.12626399844884872,0.17694400250911713,111.35848852040989,219.5910276483469,6068307099648,1495783808.0,6.811679985374212
decode_only,4,8,mega,eager,dcp_mega_varlen,12,54,0.08391999825835228,0.12163288870619403,0.12206399813294411,0.16172799468040466,115.48691578839221,227.73199290742133,6068307099648,1495783808.0,6.568175990134478
decode_only,4,8,mega,eager,dcp_mega_varlen,16,54,0.08427200093865395,0.12103792624893012,0.12092000059783459,0.16089599579572678,116.05459222939452,228.85141051723028,6068307099648,1495783808.0,6.536048017442226
decode_only,4,8,mega,eager,dcp_mega_varlen,20,54,0.08900799974799156,0.12294696292115583,0.12409600056707859,0.16678400337696075,114.25257559326018,225.29796173909216,6068307099648,1495783808.0,6.6391359977424145
mixed_prefill,4,8,baseline,cuda_graph,sglang_mha_ag_ar_min_fa3_varlen,,46,0.29104000329971313,1.162686605492364,1.0693679749965668,2.9804000854492188,124.29258574763183,25.47348696290717,53180903456768,1362413376.0,53.483583852648735
mixed_prefill,4,8,baseline,cuda_graph,vllm_a2a_min_fa3_varlen,,46,0.1478559970855713,0.728406956176395,0.6300159990787506,2.1167999505996704,198.3964092948427,40.6608995642048,53180903456768,1362413376.0,33.50671998411417
mixed_prefill,4,8,baseline,cuda_graph,vllm_ag_rs_min_fa3_varlen,,46,0.17748799920082092,0.8082114775543627,0.712104007601738,2.2771040201187134,178.8063256019056,36.645955804264545,53180903456768,1362413376.0,37.17772796750069
mixed_prefill,4,8,baseline,eager,sglang_mha_ag_ar_min_fa3_varlen,,46,0.46510399878025055,1.2354400005677473,1.1381359994411469,3.0513120889663696,116.9731630385704,23.973387678354026,53180903456768,1362413376.0,56.83024002611637
mixed_prefill,4,8,baseline,eager,vllm_a2a_min_fa3_varlen,,46,0.3293280005455017,0.7813460904618968,0.6767919957637787,2.1685439348220825,184.95430690048352,37.90597079643398,53180903456768,1362413376.0,35.94192016124725
mixed_prefill,4,8,baseline,eager,vllm_ag_rs_min_fa3_varlen,,46,0.34217600524425507,0.8543690478672152,0.7554959952831268,2.314303994178772,169.14625473796735,34.66614592475225,53180903456768,1362413376.0,39.3009762018919
mixed_prefill,4,8,mega,eager,dcp_mega_varlen,4,46,0.14364799857139587,1.0694761716801187,1.0404959917068481,2.849727988243103,135.1253337264691,27.69363438965445,53180903456768,1362413376.0,49.19590389728546
mixed_prefill,4,8,mega,eager,dcp_mega_varlen,8,46,0.11379200220108032,0.6838292170154012,0.6164079904556274,2.0537439584732056,211.3295557061989,43.31151894360997,53180903456768,1362413376.0,31.456143982708454
mixed_prefill,4,8,mega,eager,dcp_mega_varlen,12,46,0.11420799791812897,0.5776466097196807,0.4788239970803261,1.8440960049629211,250.1760110405768,51.27301292624107,53180903456768,1362413376.0,26.571744047105312
mixed_prefill,4,8,mega,eager,dcp_mega_varlen,16,46,0.1122559979557991,0.5432351294742979,0.4259039983153343,1.8204320073127747,266.02352603858986,54.5209256176387,53180903456768,1362413376.0,24.9888159558177
mixed_prefill,4,8,mega,eager,dcp_mega_varlen,20,46,0.11529599875211716,0.5458354786362337,0.42204799503088,1.8229119777679443,264.7561953500131,54.261189032556295,53180903456768,1362413376.0,25.10843201726675
