arrival_time_scale,dcp_size,suite,execution_mode,method,mega_num_comm_sm,case_count,p50_latency_ms_min,p50_latency_ms_mean,p50_latency_ms_p50,p50_latency_ms_max,p90_latency_ms_mean,mean_effective_tflops,workload_weighted_effective_tflops,workload_weighted_effective_tflops_per_gpu,mean_effective_kv_bandwidth_gbps_per_gpu,workload_weighted_effective_kv_bandwidth_gbps_per_gpu,total_effective_flops,total_logical_kv_bytes_per_gpu,total_p50_latency_ms,trace_config_sha256,manifest
1,2,mega,eager,dcp_mega_varlen,4,100,0.04328000172972679,0.10933472037315368,0.06774400174617767,1.5327680110931396,0.11270783979818225,586.5332279423891,1951.5230339253806,243.94037924067257,344.3481975044817,245.64978506676448,21336922521600,2685805056.0,10.933472037315369,fe04ed59234d34eef061618bed6a82399b31a7c5f5449186998d93c519117505,benchmark_logs/bench_dcp/20260811-222407/results/arrival_1/dcp_2/mega/manifest.json
1,2,mega,eager,dcp_mega_varlen,8,100,0.04411200061440468,0.11252367950975894,0.06695999950170517,1.8644159436225891,0.11468860774487258,585.5677194117853,1896.2162110731094,237.02702638413868,348.7361342141178,238.68798707094052,21336922521600,2685805056.0,11.252367950975895,fe04ed59234d34eef061618bed6a82399b31a7c5f5449186998d93c519117505,benchmark_logs/bench_dcp/20260811-222407/results/arrival_1/dcp_2/mega/manifest.json
1,2,mega,eager,dcp_mega_varlen,12,100,0.0435199998319149,0.11257552031427621,0.06768799759447575,1.859552025794983,0.11483564848452806,583.6714624661777,1895.3430072571618,236.91787590714523,345.85062680784455,238.5780717248349,21336922521600,2685805056.0,11.257552031427622,fe04ed59234d34eef061618bed6a82399b31a7c5f5449186998d93c519117505,benchmark_logs/bench_dcp/20260811-222407/results/arrival_1/dcp_2/mega/manifest.json
1,2,mega,eager,dcp_mega_varlen,16,100,0.04368000105023384,0.11390992023050785,0.06783999875187874,1.8666239976882935,0.11695657639950514,575.4622274454482,1873.139975730178,234.14249696627226,341.70725435250773,235.7832443886372,21336922521600,2685805056.0,11.390992023050785,fe04ed59234d34eef061618bed6a82399b31a7c5f5449186998d93c519117505,benchmark_logs/bench_dcp/20260811-222407/results/arrival_1/dcp_2/mega/manifest.json
1,2,mega,eager,dcp_mega_varlen,20,100,0.04390399903059006,0.11420096008107067,0.06930400244891644,1.8641120195388794,0.11639497546851635,572.4881711172695,1868.366299762544,233.545787470318,339.26221187836376,235.18235346649985,21336922521600,2685805056.0,11.420096008107066,fe04ed59234d34eef061618bed6a82399b31a7c5f5449186998d93c519117505,benchmark_logs/bench_dcp/20260811-222407/results/arrival_1/dcp_2/mega/manifest.json
1,2,baseline,eager,full_kv_min_fa3_varlen,,100,0.032016001641750336,0.10061232080683112,0.05201599933207035,1.4508960247039795,0.10577174339443446,680.2282763492168,2120.70672363929,265.08834045491125,882.1092046287329,531.3678155048598,21336922521600,5346214912.0,10.061232080683112,fe04ed59234d34eef061618bed6a82399b31a7c5f5449186998d93c519117505,benchmark_logs/bench_dcp/20260811-222407/results/arrival_1/dcp_2/baseline_eager/manifest.json
1,2,baseline,eager,ours_no_overlap_varlen,,100,0.26603201031684875,0.3112783993780613,0.272087998688221,1.6407359838485718,0.5401231655180456,274.34409807357,685.4610716397757,85.68263395497196,92.61284163974452,86.28305277096891,21336922521600,2685805056.0,31.12783993780613,fe04ed59234d34eef061618bed6a82399b31a7c5f5449186998d93c519117505,benchmark_logs/bench_dcp/20260811-222407/results/arrival_1/dcp_2/baseline_eager/manifest.json
1,2,baseline,eager,ours_overlap_varlen,,100,0.35792000591754913,0.4032224000990391,0.3670639991760254,1.6233919858932495,0.5904082867503168,239.90458774244328,529.1601487506459,66.14501859383074,69.2798474881732,66.60852808128504,21336922521600,2685805056.0,40.32224000990391,fe04ed59234d34eef061618bed6a82399b31a7c5f5449186998d93c519117505,benchmark_logs/bench_dcp/20260811-222407/results/arrival_1/dcp_2/baseline_eager/manifest.json
1,2,baseline,eager,sglang_mha_ag_ar_min_fa3_varlen,,100,0.4495680034160614,0.4974220821261406,0.4583360031247139,1.7695680260658264,0.7524992311298849,204.56099894137068,428.9500464152936,53.6187558019117,55.78459043151344,53.99448783053645,21336922521600,2685805056.0,49.74220821261406,fe04ed59234d34eef061618bed6a82399b31a7c5f5449186998d93c519117505,benchmark_logs/bench_dcp/20260811-222407/results/arrival_1/dcp_2/baseline_eager/manifest.json
1,2,baseline,eager,vllm_a2a_min_fa3_varlen,,100,0.3125600069761276,0.3567556798458099,0.32067999988794327,1.5980160236358643,0.4910792966187001,261.3353816504901,598.0822093938864,74.7602761742358,78.87982262781925,75.28415685381118,21336922521600,2685805056.0,35.675567984580994,fe04ed59234d34eef061618bed6a82399b31a7c5f5449186998d93c519117505,benchmark_logs/bench_dcp/20260811-222407/results/arrival_1/dcp_2/baseline_eager/manifest.json
1,2,baseline,eager,vllm_ag_rs_min_fa3_varlen,,100,0.32420800626277924,0.3705814400315285,0.3330079987645149,1.6427839994430542,0.69250438323617,250.8361887193443,575.7687843132319,71.97109803915399,76.01442781077577,72.47543362591219,21336922521600,2685805056.0,37.05814400315285,fe04ed59234d34eef061618bed6a82399b31a7c5f5449186998d93c519117505,benchmark_logs/bench_dcp/20260811-222407/results/arrival_1/dcp_2/baseline_eager/manifest.json
1,2,baseline,cuda_graph,full_kv_min_fa3_varlen,,100,0.03652799874544144,0.10585392018780113,0.05876000039279461,1.425599992275238,0.10897868840396403,631.9756217854344,2015.6950714479935,251.9618839309992,783.7642462959368,505.05592069854316,21336922521600,5346214912.0,10.585392018780112,fe04ed59234d34eef061618bed6a82399b31a7c5f5449186998d93c519117505,benchmark_logs/bench_dcp/20260811-222407/results/arrival_1/dcp_2/baseline_graph/manifest.json
1,2,baseline,cuda_graph,ours_no_overlap_varlen,,100,0.06102399900555611,0.1256291200965643,0.07274400070309639,1.5960960388183594,0.12901635144650936,515.1015355351102,1698.4057920010475,212.30072400013094,310.3574947697553,213.78841576981256,21336922521600,2685805056.0,12.56291200965643,fe04ed59234d34eef061618bed6a82399b31a7c5f5449186998d93c519117505,benchmark_logs/bench_dcp/20260811-222407/results/arrival_1/dcp_2/baseline_graph/manifest.json
1,2,baseline,cuda_graph,ours_overlap_varlen,,100,0.060415999963879585,0.12368688028305769,0.07396000064909458,1.6029760241508484,0.13308188792318107,521.7383472279365,1725.0756485061638,215.63445606327048,308.1836395780746,217.1455088731747,21336922521600,2685805056.0,12.368688028305769,fe04ed59234d34eef061618bed6a82399b31a7c5f5449186998d93c519117505,benchmark_logs/bench_dcp/20260811-222407/results/arrival_1/dcp_2/baseline_graph/manifest.json
1,2,baseline,cuda_graph,sglang_mha_ag_ar_min_fa3_varlen,,100,0.11588800325989723,0.19706495925784112,0.13871199637651443,1.7503999471664429,0.20428508776426316,333.7823830282887,1082.735489960071,135.34193624500887,169.40983080706465,136.2903413227247,21336922521600,2685805056.0,19.70649592578411,fe04ed59234d34eef061618bed6a82399b31a7c5f5449186998d93c519117505,benchmark_logs/bench_dcp/20260811-222407/results/arrival_1/dcp_2/baseline_graph/manifest.json
1,2,baseline,cuda_graph,vllm_a2a_min_fa3_varlen,,100,0.061904000118374825,0.1277140805311501,0.07530399970710278,1.619488000869751,0.13588028783351183,505.8047705988588,1670.6789441588487,208.8348680198561,302.360214005483,210.29827289442207,21336922521600,2685805056.0,12.77140805311501,fe04ed59234d34eef061618bed6a82399b31a7c5f5449186998d93c519117505,benchmark_logs/bench_dcp/20260811-222407/results/arrival_1/dcp_2/baseline_graph/manifest.json
1,2,baseline,cuda_graph,vllm_ag_rs_min_fa3_varlen,,100,0.06782400235533714,0.13561312012374402,0.08195200189948082,1.6643840074539185,0.14389827220886947,475.49961887643303,1573.3671271725423,196.67089089656778,279.5147301180987,198.04905701964984,21336922521600,2685805056.0,13.561312012374401,fe04ed59234d34eef061618bed6a82399b31a7c5f5449186998d93c519117505,benchmark_logs/bench_dcp/20260811-222407/results/arrival_1/dcp_2/baseline_graph/manifest.json
1,4,mega,eager,dcp_mega_varlen,4,100,0.045504000037908554,0.12356192033737898,0.06602399982511997,1.6631360054016113,0.12724691205471755,529.6375897518419,1726.8202422996271,215.8525302874534,172.7639639658529,109.71018613975964,21336922521600,1355600128.0,12.356192033737898,46ad02286b580356a65ec08220a4eb041925b0a6d4de91b11b37461ca8f73155,benchmark_logs/bench_dcp/20260811-222407/results/arrival_1/dcp_4/mega/manifest.json
1,4,mega,eager,dcp_mega_varlen,8,100,0.04566400125622749,0.11285167967900633,0.06201599910855293,1.7239199876785278,0.11639782428741455,568.0835763607683,1890.7049130584876,236.33811413231095,179.01042833996823,120.12228190629055,21336922521600,1355600128.0,11.285167967900634,46ad02286b580356a65ec08220a4eb041925b0a6d4de91b11b37461ca8f73155,benchmark_logs/bench_dcp/20260811-222407/results/arrival_1/dcp_4/mega/manifest.json
1,4,mega,eager,dcp_mega_varlen,12,100,0.04612800106406212,0.11094992015510798,0.06443200260400772,1.71315199136734,0.11424742349237203,576.7952113955515,1923.1129226385187,240.38911532981484,178.47301844766858,122.18126215006475,21336922521600,1355600128.0,11.094992015510798,46ad02286b580356a65ec08220a4eb041925b0a6d4de91b11b37461ca8f73155,benchmark_logs/bench_dcp/20260811-222407/results/arrival_1/dcp_4/mega/manifest.json
1,4,mega,eager,dcp_mega_varlen,16,100,0.045471999794244766,0.11056976027786732,0.06465599872171879,1.7302240133285522,0.11414169541001319,579.3092468320694,1929.7249508345908,241.21561885432385,178.5294695166956,122.60134458040872,21336922521600,1355600128.0,11.056976027786732,46ad02286b580356a65ec08220a4eb041925b0a6d4de91b11b37461ca8f73155,benchmark_logs/bench_dcp/20260811-222407/results/arrival_1/dcp_4/mega/manifest.json
1,4,mega,eager,dcp_mega_varlen,20,100,0.04553600028157234,0.11093824015930295,0.0651440005749464,1.7463520169258118,0.11416230402886868,577.6397948278891,1923.315395210977,240.41442440137212,177.63471120567473,122.19412585357506,21336922521600,1355600128.0,11.093824015930295,46ad02286b580356a65ec08220a4eb041925b0a6d4de91b11b37461ca8f73155,benchmark_logs/bench_dcp/20260811-222407/results/arrival_1/dcp_4/mega/manifest.json
1,4,baseline,eager,full_kv_min_fa3_varlen,,100,0.03215999901294708,0.10093023978173733,0.0514959990978241,1.5062080025672913,0.10549113550782203,681.4396483982888,2114.026734479311,264.2533418099139,890.442341156983,529.694066274017,21336922521600,5346214912.0,10.093023978173733,46ad02286b580356a65ec08220a4eb041925b0a6d4de91b11b37461ca8f73155,benchmark_logs/bench_dcp/20260811-222407/results/arrival_1/dcp_4/baseline_eager/manifest.json
1,4,baseline,eager,ours_no_overlap_varlen,,100,0.2561119943857193,0.30974719882011414,0.2667279988527298,1.7516639828681946,0.55497497856617,258.14776868449286,688.8495716144129,86.10619645180161,47.30919334644897,43.764725981824476,21336922521600,1355600128.0,30.974719882011414,46ad02286b580356a65ec08220a4eb041925b0a6d4de91b11b37461ca8f73155,benchmark_logs/bench_dcp/20260811-222407/results/arrival_1/dcp_4/baseline_eager/manifest.json
1,4,baseline,eager,ours_overlap_varlen,,100,0.349727988243103,0.39790704026818274,0.3606479987502098,1.6988000273704529,0.6200097905993465,230.56119616011685,536.2288263916936,67.0286032989617,35.53239178280257,34.068261950991065,21336922521600,1355600128.0,39.790704026818275,46ad02286b580356a65ec08220a4eb041925b0a6d4de91b11b37461ca8f73155,benchmark_logs/bench_dcp/20260811-222407/results/arrival_1/dcp_4/baseline_eager/manifest.json
1,4,baseline,eager,sglang_mha_ag_ar_min_fa3_varlen,,100,0.4344640076160431,0.4937823987007141,0.44287199527025223,1.9422239661216736,0.8508161933124069,184.2830748394091,432.1118488172864,54.0139811021608,28.74733495262651,27.453391039595182,21336922521600,1355600128.0,49.37823987007141,46ad02286b580356a65ec08220a4eb041925b0a6d4de91b11b37461ca8f73155,benchmark_logs/bench_dcp/20260811-222407/results/arrival_1/dcp_4/baseline_eager/manifest.json
1,4,baseline,eager,vllm_a2a_min_fa3_varlen,,100,0.3089759945869446,0.35501343965530396,0.3168720006942749,1.691424012184143,0.5114960973560811,246.13773090654814,601.0173176068159,75.12716470085199,40.30897878539819,38.184473503769425,21336922521600,1355600128.0,35.501343965530396,46ad02286b580356a65ec08220a4eb041925b0a6d4de91b11b37461ca8f73155,benchmark_logs/bench_dcp/20260811-222407/results/arrival_1/dcp_4/baseline_eager/manifest.json
1,4,baseline,eager,vllm_ag_rs_min_fa3_varlen,,100,0.3179520070552826,0.3664660803973675,0.3251359984278679,1.746016025543213,0.6945017600357535,235.67427037413464,582.2345822146457,72.77932277683071,39.13709862834516,36.99114871777743,21336922521600,1355600128.0,36.64660803973675,46ad02286b580356a65ec08220a4eb041925b0a6d4de91b11b37461ca8f73155,benchmark_logs/bench_dcp/20260811-222407/results/arrival_1/dcp_4/baseline_eager/manifest.json
1,4,baseline,cuda_graph,full_kv_min_fa3_varlen,,100,0.03641600161790848,0.10621359949931503,0.05939199961721897,1.4417279958724976,0.10905769582092763,629.4009036828385,2008.8691676189358,251.10864595236697,781.6348959430524,503.34561084472784,21336922521600,5346214912.0,10.621359949931502,46ad02286b580356a65ec08220a4eb041925b0a6d4de91b11b37461ca8f73155,benchmark_logs/bench_dcp/20260811-222407/results/arrival_1/dcp_4/baseline_graph/manifest.json
1,4,baseline,cuda_graph,ours_no_overlap_varlen,,100,0.06894399970769882,0.13639151968061924,0.07930400036275387,1.7108479738235474,0.13987888053804634,469.25077678877295,1564.387769236939,195.54847115461737,144.43382660686532,99.39035294674747,21336922521600,1355600128.0,13.639151968061924,46ad02286b580356a65ec08220a4eb041925b0a6d4de91b11b37461ca8f73155,benchmark_logs/bench_dcp/20260811-222407/results/arrival_1/dcp_4/baseline_graph/manifest.json
1,4,baseline,cuda_graph,ours_overlap_varlen,,100,0.06758400052785873,0.1324979193881154,0.07773599959909916,1.6930720210075378,0.13726335997134448,481.53393963030896,1610.3590622505915,201.29488278132393,147.48149024505898,102.31105018556183,21336922521600,1355600128.0,13.24979193881154,46ad02286b580356a65ec08220a4eb041925b0a6d4de91b11b37461ca8f73155,benchmark_logs/bench_dcp/20260811-222407/results/arrival_1/dcp_4/baseline_graph/manifest.json
1,4,baseline,cuda_graph,sglang_mha_ag_ar_min_fa3_varlen,,100,0.12556800246238708,0.2185248001664877,0.14606400206685066,1.8780959844589233,0.22261340834200383,297.5330800882624,976.4073691106922,122.05092113883653,79.53973651607885,62.03415479465981,21336922521600,1355600128.0,21.85248001664877,46ad02286b580356a65ec08220a4eb041925b0a6d4de91b11b37461ca8f73155,benchmark_logs/bench_dcp/20260811-222407/results/arrival_1/dcp_4/baseline_graph/manifest.json
1,4,baseline,cuda_graph,vllm_a2a_min_fa3_varlen,,100,0.06694399937987328,0.1349124802276492,0.07809599861502647,1.746559977531433,0.1385228798687458,474.53643617115114,1581.538081991852,197.6922602489815,147.08826110349017,100.47996491596489,21336922521600,1355600128.0,13.491248022764921,46ad02286b580356a65ec08220a4eb041925b0a6d4de91b11b37461ca8f73155,benchmark_logs/bench_dcp/20260811-222407/results/arrival_1/dcp_4/baseline_graph/manifest.json
1,4,baseline,cuda_graph,vllm_ag_rs_min_fa3_varlen,,100,0.07667200267314911,0.1471176005154848,0.08819200098514557,1.7136639952659607,0.15137587235867977,434.2280657452822,1450.331058067671,181.29138225845887,130.98833053135613,92.14398027497171,21336922521600,1355600128.0,14.711760051548481,46ad02286b580356a65ec08220a4eb041925b0a6d4de91b11b37461ca8f73155,benchmark_logs/bench_dcp/20260811-222407/results/arrival_1/dcp_4/baseline_graph/manifest.json
1,8,mega,eager,dcp_mega_varlen,4,100,0.05684800073504448,0.1696791999414563,0.07580799981951714,1.985983967781067,0.1721850873529911,427.4509704022801,1257.4860400663008,157.1857550082876,74.48009173399608,40.69430220311266,21336922521600,690497664.0,16.967919994145632,dd35c6a45eae1863c671cfe3023173c39b4515b9c11a411851be7d362738f301,benchmark_logs/bench_dcp/20260811-222407/results/arrival_1/dcp_8/mega/manifest.json
1,8,mega,eager,dcp_mega_varlen,8,100,0.050303999334573746,0.136356160081923,0.0703359991312027,1.7265120148658752,0.13876310401782393,488.2507909801181,1564.7934430524253,195.59918038155317,80.69012127875968,50.63927171204791,21336922521600,690497664.0,13.6356160081923,dd35c6a45eae1863c671cfe3023173c39b4515b9c11a411851be7d362738f301,benchmark_logs/bench_dcp/20260811-222407/results/arrival_1/dcp_8/mega/manifest.json
1,8,mega,eager,dcp_mega_varlen,12,100,0.05188800022006035,0.12859600020572542,0.07104000076651573,1.696768045425415,0.13094630404561758,504.6632570988646,1659.2213200617123,207.40266500771403,81.34170415831859,53.69511204822506,21336922521600,690497664.0,12.859600020572543,dd35c6a45eae1863c671cfe3023173c39b4515b9c11a411851be7d362738f301,benchmark_logs/bench_dcp/20260811-222407/results/arrival_1/dcp_8/mega/manifest.json
1,8,mega,eager,dcp_mega_varlen,16,100,0.05259199999272823,0.12633103994652628,0.07026399858295918,1.737663984298706,0.12868182326480745,509.3525752362955,1688.969118803387,211.12113985042336,81.74007021151537,54.65779940482367,21336922521600,690497664.0,12.633103994652629,dd35c6a45eae1863c671cfe3023173c39b4515b9c11a411851be7d362738f301,benchmark_logs/bench_dcp/20260811-222407/results/arrival_1/dcp_8/mega/manifest.json
1,8,mega,eager,dcp_mega_varlen,20,100,0.05246400088071823,0.12771503981202842,0.07112799771130085,1.7683680057525635,0.13037027241662144,504.21595692927025,1670.666395516439,208.83329943955488,81.03023169610854,54.06549338404292,21336922521600,690497664.0,12.77150398120284,dd35c6a45eae1863c671cfe3023173c39b4515b9c11a411851be7d362738f301,benchmark_logs/bench_dcp/20260811-222407/results/arrival_1/dcp_8/mega/manifest.json
1,8,baseline,eager,full_kv_min_fa3_varlen,,100,0.03161599859595299,0.10000415965914726,0.052127999253571033,1.450767993927002,0.10380403230711818,685.3754601015258,2133.6035015267826,266.7004376908478,891.3871472195607,534.5992536932425,21336922521600,5346214912.0,10.000415965914726,dd35c6a45eae1863c671cfe3023173c39b4515b9c11a411851be7d362738f301,benchmark_logs/bench_dcp/20260811-222407/results/arrival_1/dcp_8/baseline_eager/manifest.json
1,8,baseline,eager,ours_no_overlap_varlen,,100,0.2606079876422882,0.32887263983488085,0.26839999854564667,1.882863998413086,0.5205259853005411,228.6446926618807,648.7898334234421,81.09872917793027,23.217910985622815,20.995898726834877,21336922521600,690497664.0,32.88726398348808,dd35c6a45eae1863c671cfe3023173c39b4515b9c11a411851be7d362738f301,benchmark_logs/bench_dcp/20260811-222407/results/arrival_1/dcp_8/baseline_eager/manifest.json
1,8,baseline,eager,ours_overlap_varlen,,100,0.35606399178504944,0.415955840498209,0.36563199758529663,1.8412160277366638,0.6210121921002867,206.84824622328156,512.9612435792177,64.12015544740221,17.507465402145762,16.600263700419735,21336922521600,690497664.0,41.5955840498209,dd35c6a45eae1863c671cfe3023173c39b4515b9c11a411851be7d362738f301,benchmark_logs/bench_dcp/20260811-222407/results/arrival_1/dcp_8/baseline_eager/manifest.json
1,8,baseline,eager,sglang_mha_ag_ar_min_fa3_varlen,,100,0.4373119920492172,0.52199775993824,0.4457999989390373,2.2621599435806274,0.7625961280167105,158.54810384737397,408.7550591045538,51.09438238806923,14.211589620239508,13.22798136301765,21336922521600,690497664.0,52.199775993824005,dd35c6a45eae1863c671cfe3023173c39b4515b9c11a411851be7d362738f301,benchmark_logs/bench_dcp/20260811-222407/results/arrival_1/dcp_8/baseline_eager/manifest.json
1,8,baseline,eager,vllm_a2a_min_fa3_varlen,,100,0.31387200951576233,0.3766670399904251,0.3256960064172745,1.837231993675232,0.527993181616068,216.86893167014307,566.4664081609685,70.80830102012106,19.61727421501623,18.33177822029643,21336922521600,690497664.0,37.66670399904251,dd35c6a45eae1863c671cfe3023173c39b4515b9c11a411851be7d362738f301,benchmark_logs/bench_dcp/20260811-222407/results/arrival_1/dcp_8/baseline_eager/manifest.json
1,8,baseline,eager,vllm_ag_rs_min_fa3_varlen,,100,0.32231999933719635,0.38655552074313165,0.32924000173807144,1.9250560402870178,0.5698055037558081,207.5345729826713,551.9756251464459,68.99695314330573,19.285979549634895,17.86283281306024,21336922521600,690497664.0,38.655552074313164,dd35c6a45eae1863c671cfe3023173c39b4515b9c11a411851be7d362738f301,benchmark_logs/bench_dcp/20260811-222407/results/arrival_1/dcp_8/baseline_eager/manifest.json
1,8,baseline,cuda_graph,full_kv_min_fa3_varlen,,100,0.03588800132274628,0.10600768012925982,0.059144001454114914,1.4219040274620056,0.1084288635328412,631.0556719782326,2012.7713855810211,251.59642319762764,784.2205003897392,504.323357088951,21336922521600,5346214912.0,10.600768012925982,dd35c6a45eae1863c671cfe3023173c39b4515b9c11a411851be7d362738f301,benchmark_logs/bench_dcp/20260811-222407/results/arrival_1/dcp_8/baseline_graph/manifest.json
1,8,baseline,cuda_graph,ours_no_overlap_varlen,,100,0.08259200304746628,0.16743680000305175,0.0959280002862215,1.838927984237671,0.1712849286198616,386.02591072978197,1274.3269413421128,159.2908676677641,59.87288464233288,41.23930127590916,21336922521600,690497664.0,16.743680000305176,dd35c6a45eae1863c671cfe3023173c39b4515b9c11a411851be7d362738f301,benchmark_logs/bench_dcp/20260811-222407/results/arrival_1/dcp_8/baseline_graph/manifest.json
1,8,baseline,cuda_graph,ours_overlap_varlen,,100,0.081216000020504,0.16304912082850934,0.09483200125396252,1.8190400004386902,0.166928128965199,395.1051550952209,1308.619292957832,163.577411619729,60.95642750063861,42.34905778647202,21336922521600,690497664.0,16.304912082850933,dd35c6a45eae1863c671cfe3023173c39b4515b9c11a411851be7d362738f301,benchmark_logs/bench_dcp/20260811-222407/results/arrival_1/dcp_8/baseline_graph/manifest.json
1,8,baseline,cuda_graph,sglang_mha_ag_ar_min_fa3_varlen,,100,0.1478400006890297,0.28297104097902775,0.1907919980585575,2.192047953605652,0.2872271661758423,233.47221340984262,754.0320185337048,94.2540023167131,31.297014888391,24.401707736982736,21336922521600,690497664.0,28.297104097902775,dd35c6a45eae1863c671cfe3023173c39b4515b9c11a411851be7d362738f301,benchmark_logs/bench_dcp/20260811-222407/results/arrival_1/dcp_8/baseline_graph/manifest.json
1,8,baseline,cuda_graph,vllm_a2a_min_fa3_varlen,,100,0.0745760016143322,0.16006912056356667,0.09087199904024601,1.8356319665908813,0.1642042558193207,404.3399873295791,1332.9818047651906,166.62272559564883,63.6096644031878,43.137468461681806,21336922521600,690497664.0,16.00691205635667,dd35c6a45eae1863c671cfe3023173c39b4515b9c11a411851be7d362738f301,benchmark_logs/bench_dcp/20260811-222407/results/arrival_1/dcp_8/baseline_graph/manifest.json
1,8,baseline,cuda_graph,vllm_ag_rs_min_fa3_varlen,,100,0.09089599922299385,0.17970639999955892,0.1041839998215437,1.8934719562530518,0.18350355142354963,360.18049389552556,1187.3212373990223,148.41515467487778,55.08809138318102,38.42365458334788,21336922521600,690497664.0,17.970639999955893,dd35c6a45eae1863c671cfe3023173c39b4515b9c11a411851be7d362738f301,benchmark_logs/bench_dcp/20260811-222407/results/arrival_1/dcp_8/baseline_graph/manifest.json
2,2,mega,eager,dcp_mega_varlen,4,100,0.05511999875307083,0.17844879906624556,0.08835999853909016,1.2099040150642395,0.18299664059653878,1366.264268220159,2607.4851735096613,325.93564668870766,523.0635045696977,319.81300349807236,46530259779584,5707024640.0,17.844879906624556,ad224da3466f0631095e3af080ad85a7ee8606459bf228cb1141a47de5bb0908,benchmark_logs/bench_dcp/20260811-222407/results/arrival_2/dcp_2/mega/manifest.json
2,2,mega,eager,dcp_mega_varlen,8,100,0.05531200021505356,0.17702783996239305,0.08956799656152725,1.3259519934654236,0.18022915218397975,1392.6947189077996,2628.414818226821,328.5518522783526,523.2643841805042,322.38006413072503,46530259779584,5707024640.0,17.702783996239305,ad224da3466f0631095e3af080ad85a7ee8606459bf228cb1141a47de5bb0908,benchmark_logs/bench_dcp/20260811-222407/results/arrival_2/dcp_2/mega/manifest.json
2,2,mega,eager,dcp_mega_varlen,12,100,0.05507199838757515,0.17677456025034188,0.08959999866783619,1.3285279870033264,0.17983692714944483,1397.4382329821701,2632.180768187996,329.0225960234995,523.4153824753782,322.8419650382902,46530259779584,5707024640.0,17.67745602503419,ad224da3466f0631095e3af080ad85a7ee8606459bf228cb1141a47de5bb0908,benchmark_logs/bench_dcp/20260811-222407/results/arrival_2/dcp_2/mega/manifest.json
2,2,mega,eager,dcp_mega_varlen,16,100,0.05452800169587135,0.17836671985685826,0.09065600112080574,1.3280479907989502,0.18200521655380725,1385.5121918528794,2608.6850628259112,326.0856328532389,519.6217878613597,319.9601721991617,46530259779584,5707024640.0,17.836671985685825,ad224da3466f0631095e3af080ad85a7ee8606459bf228cb1141a47de5bb0908,benchmark_logs/bench_dcp/20260811-222407/results/arrival_2/dcp_2/mega/manifest.json
2,2,mega,eager,dcp_mega_varlen,20,100,0.05552000179886818,0.17952256079763174,0.09052800014615059,1.336192011833191,0.1832855369709432,1374.0296391156305,2591.8892629899374,323.9861578737422,518.5747626019311,317.9001354839902,46530259779584,5707024640.0,17.952256079763174,ad224da3466f0631095e3af080ad85a7ee8606459bf228cb1141a47de5bb0908,benchmark_logs/bench_dcp/20260811-222407/results/arrival_2/dcp_2/mega/manifest.json
2,2,baseline,eager,full_kv_min_fa3_varlen,,100,0.040383998304605484,0.22965167915448548,0.07707199826836586,1.3620479702949524,0.23399923123419286,1271.2323499045988,2026.1232119397368,253.2654014924671,1122.862895360052,493.682753365514,46530259779584,11337507328.0,22.965167915448546,ad224da3466f0631095e3af080ad85a7ee8606459bf228cb1141a47de5bb0908,benchmark_logs/bench_dcp/20260811-222407/results/arrival_2/dcp_2/baseline_eager/manifest.json
2,2,baseline,eager,ours_no_overlap_varlen,,100,0.26262399554252625,0.3754343992471695,0.2699759975075722,1.20632004737854,0.5590010562837125,769.294230216965,1239.3712422965943,154.9214052870743,176.08437716581176,152.0112342247772,46530259779584,5707024640.0,37.54343992471695,ad224da3466f0631095e3af080ad85a7ee8606459bf228cb1141a47de5bb0908,benchmark_logs/bench_dcp/20260811-222407/results/arrival_2/dcp_2/baseline_eager/manifest.json
2,2,baseline,eager,ours_overlap_varlen,,100,0.3537760078907013,0.45578543916344644,0.3643679991364479,1.2623839974403381,0.6943851513266566,688.6175157391417,1020.8807869111866,127.61009836389833,135.45776481254626,125.2129653477903,46530259779584,5707024640.0,45.57854391634464,ad224da3466f0631095e3af080ad85a7ee8606459bf228cb1141a47de5bb0908,benchmark_logs/bench_dcp/20260811-222407/results/arrival_2/dcp_2/baseline_eager/manifest.json
2,2,baseline,eager,sglang_mha_ag_ar_min_fa3_varlen,,100,0.4325919896364212,0.5490353612601757,0.4428799971938133,1.4687840342521667,0.8182111663818362,572.4802982407198,847.4911283088438,105.93639103860548,112.16031759054243,103.94639476227775,46530259779584,5707024640.0,54.90353612601757,ad224da3466f0631095e3af080ad85a7ee8606459bf228cb1141a47de5bb0908,benchmark_logs/bench_dcp/20260811-222407/results/arrival_2/dcp_2/baseline_eager/manifest.json
2,2,baseline,eager,vllm_a2a_min_fa3_varlen,,100,0.3060159981250763,0.4091988778114319,0.32095999270677567,1.219007968902588,0.6223830396234992,750.0970246583964,1137.1062410641848,142.1382801330231,153.2822337553437,139.46823780464828,46530259779584,5707024640.0,40.91988778114319,ad224da3466f0631095e3af080ad85a7ee8606459bf228cb1141a47de5bb0908,benchmark_logs/bench_dcp/20260811-222407/results/arrival_2/dcp_2/baseline_eager/manifest.json
2,2,baseline,eager,vllm_ag_rs_min_fa3_varlen,,100,0.3170720040798187,0.4244713596999645,0.33156800270080566,1.2545920014381409,0.6223283185958866,720.9351732699503,1096.19315217106,137.0241440213825,148.1402676588699,134.45016983086873,46530259779584,5707024640.0,42.44713596999645,ad224da3466f0631095e3af080ad85a7ee8606459bf228cb1141a47de5bb0908,benchmark_logs/bench_dcp/20260811-222407/results/arrival_2/dcp_2/baseline_eager/manifest.json
2,2,baseline,cuda_graph,full_kv_min_fa3_varlen,,100,0.04710400104522705,0.23611007845029236,0.08389599807560444,1.3715360164642334,0.23852614283189177,1213.134915868586,1970.7019744767013,246.33774680958766,1012.9942153289263,480.1788810716463,46530259779584,11337507328.0,23.611007845029235,ad224da3466f0631095e3af080ad85a7ee8606459bf228cb1141a47de5bb0908,benchmark_logs/bench_dcp/20260811-222407/results/arrival_2/dcp_2/baseline_graph/manifest.json
2,2,baseline,cuda_graph,ours_no_overlap_varlen,,100,0.06761600077152252,0.2376500789821148,0.09828799962997437,1.1593759655952454,0.24101875184476376,1089.01222634799,1957.9315933274233,244.74144916592792,441.60071768575756,240.14402454414932,46530259779584,5707024640.0,23.76500789821148,ad224da3466f0631095e3af080ad85a7ee8606459bf228cb1141a47de5bb0908,benchmark_logs/bench_dcp/20260811-222407/results/arrival_2/dcp_2/baseline_graph/manifest.json
2,2,baseline,cuda_graph,ours_overlap_varlen,,100,0.06735999882221222,0.22785472076386212,0.09762400202453136,1.1312159895896912,0.23177529629319907,1133.691967977031,2042.1020737948966,255.26275922436207,444.9160852622871,250.46769366321317,46530259779584,5707024640.0,22.785472076386213,ad224da3466f0631095e3af080ad85a7ee8606459bf228cb1141a47de5bb0908,benchmark_logs/bench_dcp/20260811-222407/results/arrival_2/dcp_2/baseline_graph/manifest.json
2,2,baseline,cuda_graph,sglang_mha_ag_ar_min_fa3_varlen,,100,0.12371200323104858,0.33601871952414514,0.17121599987149239,1.4063199758529663,0.339902302518487,757.0994941766845,1384.7520115985828,173.09400144982285,257.08334717683516,169.8424613986398,46530259779584,5707024640.0,33.60187195241451,ad224da3466f0631095e3af080ad85a7ee8606459bf228cb1141a47de5bb0908,benchmark_logs/bench_dcp/20260811-222407/results/arrival_2/dcp_2/baseline_graph/manifest.json
2,2,baseline,cuda_graph,vllm_a2a_min_fa3_varlen,,100,0.06995199993252754,0.23932256139814853,0.09997599944472313,1.1692320108413696,0.2430433295443654,1079.1050526843458,1944.2487790431935,243.0310973803992,433.46397461336585,238.46580141291062,46530259779584,5707024640.0,23.932256139814854,ad224da3466f0631095e3af080ad85a7ee8606459bf228cb1141a47de5bb0908,benchmark_logs/bench_dcp/20260811-222407/results/arrival_2/dcp_2/baseline_graph/manifest.json
2,2,baseline,cuda_graph,vllm_ag_rs_min_fa3_varlen,,100,0.07587200030684471,0.25186544012278317,0.1068240012973547,1.197696030139923,0.25561180663108823,1020.8157981776028,1847.4253457282873,230.9281682160359,403.35763634080206,226.59022362170265,46530259779584,5707024640.0,25.18654401227832,ad224da3466f0631095e3af080ad85a7ee8606459bf228cb1141a47de5bb0908,benchmark_logs/bench_dcp/20260811-222407/results/arrival_2/dcp_2/baseline_graph/manifest.json
2,4,mega,eager,dcp_mega_varlen,4,100,0.054896000772714615,0.23808207981288432,0.0957919992506504,1.4823200106620789,0.24305398324131963,1053.3417766772677,1954.3789190750304,244.2973648843788,235.5718003357649,121.46161098192427,46530259779584,2891783296.0,23.808207981288433,5c57fe8959168145235b459ed3409721c6f9d977a1ba6bf847b301d97d2093bf,benchmark_logs/bench_dcp/20260811-222407/results/arrival_2/dcp_4/mega/manifest.json
2,4,mega,eager,dcp_mega_varlen,8,100,0.05361600033938885,0.20044464027509093,0.09497600048780441,1.2649919986724854,0.20425622348487377,1216.2998992766159,2321.3521556737915,290.16901945922393,245.48088703674028,144.26842703458203,46530259779584,2891783296.0,20.044464027509093,5c57fe8959168145235b459ed3409721c6f9d977a1ba6bf847b301d97d2093bf,benchmark_logs/bench_dcp/20260811-222407/results/arrival_2/dcp_4/mega/manifest.json
2,4,mega,eager,dcp_mega_varlen,12,100,0.05409599840641022,0.18934064051136373,0.09398400038480759,1.2385440468788147,0.1938408320657909,1286.0094075566292,2457.48929833114,307.1861622913925,251.4448489698923,152.72913877284802,46530259779584,2891783296.0,18.934064051136374,5c57fe8959168145235b459ed3409721c6f9d977a1ba6bf847b301d97d2093bf,benchmark_logs/bench_dcp/20260811-222407/results/arrival_2/dcp_4/mega/manifest.json
2,4,mega,eager,dcp_mega_varlen,16,100,0.05374399945139885,0.1877198400348425,0.0944799967110157,1.2455520033836365,0.19166351948678492,1298.6389466876028,2478.7076193410117,309.83845241762646,249.4160318492437,154.04782443151768,46530259779584,2891783296.0,18.77198400348425,5c57fe8959168145235b459ed3409721c6f9d977a1ba6bf847b301d97d2093bf,benchmark_logs/bench_dcp/20260811-222407/results/arrival_2/dcp_4/mega/manifest.json
2,4,mega,eager,dcp_mega_varlen,20,100,0.05790400132536888,0.19032495822757484,0.09456799738109112,1.2630719542503357,0.1932410239465535,1282.307088591588,2444.779718482689,305.59746481033613,245.56486557424358,151.93925814722866,46530259779584,2891783296.0,19.032495822757483,5c57fe8959168145235b459ed3409721c6f9d977a1ba6bf847b301d97d2093bf,benchmark_logs/bench_dcp/20260811-222407/results/arrival_2/dcp_4/mega/manifest.json
2,4,baseline,eager,full_kv_min_fa3_varlen,,100,0.04174400120973587,0.23081791926175355,0.07800799794495106,1.363327980041504,0.23507609561085702,1261.4589340128937,2015.8859385097164,251.98574231371455,1108.9176275788795,491.1883515916704,46530259779584,11337507328.0,23.081791926175356,5c57fe8959168145235b459ed3409721c6f9d977a1ba6bf847b301d97d2093bf,benchmark_logs/bench_dcp/20260811-222407/results/arrival_2/dcp_4/baseline_eager/manifest.json
2,4,baseline,eager,ours_no_overlap_varlen,,100,0.26699198782444,0.3807148782908916,0.2747439965605736,1.3768320083618164,0.5997312009930613,721.558415267052,1222.1812813953588,152.77266017441985,88.10878989189288,75.9566662848013,46530259779584,2891783296.0,38.071487829089165,5c57fe8959168145235b459ed3409721c6f9d977a1ba6bf847b301d97d2093bf,benchmark_logs/bench_dcp/20260811-222407/results/arrival_2/dcp_4/baseline_eager/manifest.json
2,4,baseline,eager,ours_overlap_varlen,,100,0.36217600107192993,0.4560324788093567,0.3709840029478073,1.3713600039482117,0.6877755178511147,662.3208609897634,1020.3277604496207,127.54097005620258,68.23548807514499,63.41178381746146,46530259779584,2891783296.0,45.60324788093567,5c57fe8959168145235b459ed3409721c6f9d977a1ba6bf847b301d97d2093bf,benchmark_logs/bench_dcp/20260811-222407/results/arrival_2/dcp_4/baseline_eager/manifest.json
2,4,baseline,eager,sglang_mha_ag_ar_min_fa3_varlen,,100,0.4479680061340332,0.5920622369647026,0.45611999928951263,1.8465439677238464,0.9098506872951987,492.37971172052045,785.9014960678539,98.23768700848174,53.95104170459759,48.842555992511336,46530259779584,2891783296.0,59.20622369647026,5c57fe8959168145235b459ed3409721c6f9d977a1ba6bf847b301d97d2093bf,benchmark_logs/bench_dcp/20260811-222407/results/arrival_2/dcp_4/baseline_eager/manifest.json
2,4,baseline,eager,vllm_a2a_min_fa3_varlen,,100,0.31483200192451477,0.41601135954260826,0.3267519921064377,1.3618879914283752,0.6703675220608712,703.8577440255707,1118.4853180630114,139.81066475787642,76.32950786290678,69.51212339921264,46530259779584,2891783296.0,41.601135954260826,5c57fe8959168145235b459ed3409721c6f9d977a1ba6bf847b301d97d2093bf,benchmark_logs/bench_dcp/20260811-222407/results/arrival_2/dcp_4/baseline_eager/manifest.json
2,4,baseline,eager,vllm_ag_rs_min_fa3_varlen,,100,0.3263680040836334,0.4344971190392971,0.33612798899412155,1.4449599981307983,0.7052312653362756,666.3943933361975,1070.8991553837134,133.86239442296417,73.75884512319406,66.55471737980521,46530259779584,2891783296.0,43.44971190392971,5c57fe8959168145235b459ed3409721c6f9d977a1ba6bf847b301d97d2093bf,benchmark_logs/bench_dcp/20260811-222407/results/arrival_2/dcp_4/baseline_eager/manifest.json
2,4,baseline,cuda_graph,full_kv_min_fa3_varlen,,100,0.04992000013589859,0.23538944030180572,0.08473599888384342,1.361184000968933,0.2384136312417686,1218.4601232093664,1976.7352231232207,247.0919028904026,1015.2931202084121,481.64893520557075,46530259779584,11337507328.0,23.538944030180573,5c57fe8959168145235b459ed3409721c6f9d977a1ba6bf847b301d97d2093bf,benchmark_logs/bench_dcp/20260811-222407/results/arrival_2/dcp_4/baseline_graph/manifest.json
2,4,baseline,cuda_graph,ours_no_overlap_varlen,,100,0.0756320022046566,0.24495935894548893,0.10398399829864502,1.3350239992141724,0.24872150414437055,1011.9033293216106,1899.5093708560214,237.43867135700268,211.26559567020593,118.0515538760661,46530259779584,2891783296.0,24.495935894548893,5c57fe8959168145235b459ed3409721c6f9d977a1ba6bf847b301d97d2093bf,benchmark_logs/bench_dcp/20260811-222407/results/arrival_2/dcp_4/baseline_graph/manifest.json
2,4,baseline,cuda_graph,ours_overlap_varlen,,100,0.07329599931836128,0.23401567962020636,0.10315199941396713,1.3094719648361206,0.24094704112410548,1054.4763720319756,1988.3394076456698,248.54242595570872,215.4763180791271,123.57220254186359,46530259779584,2891783296.0,23.401567962020636,5c57fe8959168145235b459ed3409721c6f9d977a1ba6bf847b301d97d2093bf,benchmark_logs/bench_dcp/20260811-222407/results/arrival_2/dcp_4/baseline_graph/manifest.json
2,4,baseline,cuda_graph,sglang_mha_ag_ar_min_fa3_varlen,,100,0.1403840035200119,0.378256160095334,0.1865679994225502,1.7862879633903503,0.3824841277450323,652.2615629654518,1230.12563147304,153.76570393413,119.37171110956803,76.45039528956164,46530259779584,2891783296.0,37.825616009533405,5c57fe8959168145235b459ed3409721c6f9d977a1ba6bf847b301d97d2093bf,benchmark_logs/bench_dcp/20260811-222407/results/arrival_2/dcp_4/baseline_graph/manifest.json
2,4,baseline,cuda_graph,vllm_a2a_min_fa3_varlen,,100,0.07587200030684471,0.24231487929821013,0.10241600126028061,1.3335040211677551,0.2462586234435439,1022.9477925806291,1920.2394799008819,240.02993498761023,213.74096451052588,119.33989792022483,46530259779584,2891783296.0,24.231487929821014,5c57fe8959168145235b459ed3409721c6f9d977a1ba6bf847b301d97d2093bf,benchmark_logs/bench_dcp/20260811-222407/results/arrival_2/dcp_4/baseline_graph/manifest.json
2,4,baseline,cuda_graph,vllm_ag_rs_min_fa3_varlen,,100,0.08542400225996971,0.2629121607169509,0.11453600041568279,1.4078559875488281,0.2664816636815667,940.7767967763887,1769.8024942131947,221.22531177664933,193.28318528528405,109.99047317226496,46530259779584,2891783296.0,26.29121607169509,5c57fe8959168145235b459ed3409721c6f9d977a1ba6bf847b301d97d2093bf,benchmark_logs/bench_dcp/20260811-222407/results/arrival_2/dcp_4/baseline_graph/manifest.json
2,8,mega,eager,dcp_mega_varlen,4,100,0.07223999872803688,0.3826096004620194,0.11044799908995628,2.28710401058197,0.3863442264795303,729.1082349745816,1216.128913738612,152.0161142173265,96.36378973352834,38.79052230283303,46530259779584,1484162624.0,38.260960046201944,b781006c9e91e9238b529caf28c5be4b86bad782ae27d2bec1ae82d644a490d9,benchmark_logs/bench_dcp/20260811-222407/results/arrival_2/dcp_8/mega/manifest.json
2,8,mega,eager,dcp_mega_varlen,8,100,0.06483200192451477,0.27135696053504943,0.09748000092804432,1.6674879789352417,0.27526188756525516,942.168145889577,1714.72512397831,214.34064049728875,111.0298076832856,54.69410554546288,46530259779584,1484162624.0,27.135696053504944,b781006c9e91e9238b529caf28c5be4b86bad782ae27d2bec1ae82d644a490d9,benchmark_logs/bench_dcp/20260811-222407/results/arrival_2/dcp_8/mega/manifest.json
2,8,mega,eager,dcp_mega_varlen,12,100,0.0642239972949028,0.24400527980178593,0.09876799955964088,1.5065760016441345,0.24809926536679267,1017.3515238285473,1906.936596510623,238.36707456382788,112.84486951340678,60.825020885025005,46530259779584,1484162624.0,24.400527980178595,b781006c9e91e9238b529caf28c5be4b86bad782ae27d2bec1ae82d644a490d9,benchmark_logs/bench_dcp/20260811-222407/results/arrival_2/dcp_8/mega/manifest.json
2,8,mega,eager,dcp_mega_varlen,16,100,0.0634239986538887,0.23370112009346486,0.09851200133562088,1.495680034160614,0.23831491284072398,1053.7509552596287,1991.0156939331314,248.87696174164142,114.57888909567647,63.5068682343685,46530259779584,1484162624.0,23.370112009346485,b781006c9e91e9238b529caf28c5be4b86bad782ae27d2bec1ae82d644a490d9,benchmark_logs/bench_dcp/20260811-222407/results/arrival_2/dcp_8/mega/manifest.json
2,8,mega,eager,dcp_mega_varlen,20,100,0.06305600330233574,0.235641760379076,0.09915999881923199,1.4901440143585205,0.23836102506518364,1044.701586908295,1974.61857799445,246.82732224930626,114.09252484160385,62.98385403387045,46530259779584,1484162624.0,23.5641760379076,b781006c9e91e9238b529caf28c5be4b86bad782ae27d2bec1ae82d644a490d9,benchmark_logs/bench_dcp/20260811-222407/results/arrival_2/dcp_8/mega/manifest.json
2,8,baseline,eager,full_kv_min_fa3_varlen,,100,0.04108799993991852,0.22980687944218517,0.07787199877202511,1.3591359853744507,0.23401740686595437,1268.1412494722474,2024.7548677623502,253.09435847029377,1114.7810186745025,493.3493442633118,46530259779584,11337507328.0,22.980687944218516,b781006c9e91e9238b529caf28c5be4b86bad782ae27d2bec1ae82d644a490d9,benchmark_logs/bench_dcp/20260811-222407/results/arrival_2/dcp_8/baseline_eager/manifest.json
2,8,baseline,eager,ours_no_overlap_varlen,,100,0.2608160078525543,0.4309785608947277,0.2695999965071678,1.7810720205307007,0.6651768331527711,594.2766263412085,1079.642098274806,134.95526228435074,43.66165840369864,34.437040694526026,46530259779584,1484162624.0,43.09785608947277,b781006c9e91e9238b529caf28c5be4b86bad782ae27d2bec1ae82d644a490d9,benchmark_logs/bench_dcp/20260811-222407/results/arrival_2/dcp_8/baseline_eager/manifest.json
2,8,baseline,eager,ours_overlap_varlen,,100,0.3524959981441498,0.4936707204580307,0.3648799955844879,1.7545280456542969,0.7194904008805755,563.0532094282189,942.5363476370027,117.81704345462533,33.99191253094628,30.06381708485739,46530259779584,1484162624.0,49.36707204580307,b781006c9e91e9238b529caf28c5be4b86bad782ae27d2bec1ae82d644a490d9,benchmark_logs/bench_dcp/20260811-222407/results/arrival_2/dcp_8/baseline_eager/manifest.json
2,8,baseline,eager,sglang_mha_ag_ar_min_fa3_varlen,,100,0.43083199858665466,0.6797540816664696,0.45475200563669205,2.4791680574417114,0.9821458523869516,390.1895149398358,684.5160777190404,85.56450971488005,26.568391245750448,21.833817023377936,46530259779584,1484162624.0,67.97540816664696,b781006c9e91e9238b529caf28c5be4b86bad782ae27d2bec1ae82d644a490d9,benchmark_logs/bench_dcp/20260811-222407/results/arrival_2/dcp_8/baseline_eager/manifest.json
2,8,baseline,eager,vllm_a2a_min_fa3_varlen,,100,0.3118399977684021,0.461619199514389,0.3221519961953163,1.7546719908714294,0.6466312958598138,580.8402876654827,1007.9793004392491,125.99741255490613,37.75733010273589,32.15123256487813,46530259779584,1484162624.0,46.161919951438904,b781006c9e91e9238b529caf28c5be4b86bad782ae27d2bec1ae82d644a490d9,benchmark_logs/bench_dcp/20260811-222407/results/arrival_2/dcp_8/baseline_eager/manifest.json
2,8,baseline,eager,vllm_ag_rs_min_fa3_varlen,,100,0.3156159967184067,0.4879916803538799,0.3293119966983795,1.8772479891777039,0.8019673939645293,541.2529131714168,953.5051856999153,119.18814821248941,36.53066088311394,30.413687030969886,46530259779584,1484162624.0,48.79916803538799,b781006c9e91e9238b529caf28c5be4b86bad782ae27d2bec1ae82d644a490d9,benchmark_logs/bench_dcp/20260811-222407/results/arrival_2/dcp_8/baseline_eager/manifest.json
2,8,baseline,cuda_graph,full_kv_min_fa3_varlen,,100,0.04638399928808212,0.2360820798575878,0.08376000076532364,1.363327980041504,0.23838905507326125,1213.879494905561,1970.9356935372869,246.36696169216086,1013.0507932859733,480.2358287778193,46530259779584,11337507328.0,23.60820798575878,b781006c9e91e9238b529caf28c5be4b86bad782ae27d2bec1ae82d644a490d9,benchmark_logs/bench_dcp/20260811-222407/results/arrival_2/dcp_8/baseline_graph/manifest.json
2,8,baseline,cuda_graph,ours_no_overlap_varlen,,100,0.09257599711418152,0.31604319989681245,0.1332559995353222,1.7345280051231384,0.31963084708154205,784.209683945695,1472.2753027046952,184.0344128380869,84.83920826993034,46.960751710037634,46530259779584,1484162624.0,31.604319989681244,b781006c9e91e9238b529caf28c5be4b86bad782ae27d2bec1ae82d644a490d9,benchmark_logs/bench_dcp/20260811-222407/results/arrival_2/dcp_8/baseline_graph/manifest.json
2,8,baseline,cuda_graph,ours_overlap_varlen,,100,0.08977599814534187,0.3041793595999479,0.1318640038371086,1.688223958015442,0.30766902363300325,810.5434011762696,1529.6981307600847,191.2122663450106,86.20953016991632,48.792351524177974,46530259779584,1484162624.0,30.417935959994793,b781006c9e91e9238b529caf28c5be4b86bad782ae27d2bec1ae82d644a490d9,benchmark_logs/bench_dcp/20260811-222407/results/arrival_2/dcp_8/baseline_graph/manifest.json
2,8,baseline,cuda_graph,sglang_mha_ag_ar_min_fa3_varlen,,100,0.17929600179195404,0.5110102401673794,0.24485600367188454,2.4116960763931274,0.5151506544500589,483.6515343161336,910.5543514028838,113.81929392536047,45.932349766897794,29.043696335984745,46530259779584,1484162624.0,51.10102401673794,b781006c9e91e9238b529caf28c5be4b86bad782ae27d2bec1ae82d644a490d9,benchmark_logs/bench_dcp/20260811-222407/results/arrival_2/dcp_8/baseline_graph/manifest.json
2,8,baseline,cuda_graph,vllm_a2a_min_fa3_varlen,,100,0.08712000027298927,0.3077513612061739,0.12989599630236626,1.709775984287262,0.31189103934913875,805.0711686365124,1511.9432647581914,188.99290809477392,87.2096285242727,48.226029551359325,46530259779584,1484162624.0,30.77513612061739,b781006c9e91e9238b529caf28c5be4b86bad782ae27d2bec1ae82d644a490d9,benchmark_logs/bench_dcp/20260811-222407/results/arrival_2/dcp_8/baseline_graph/manifest.json
2,8,baseline,cuda_graph,vllm_ag_rs_min_fa3_varlen,,100,0.10107200220227242,0.34054927941411733,0.14363199844956398,1.8538879752159119,0.344170943133533,728.29249804763,1366.3297088643055,170.7912136080382,78.3352143899481,43.581434867616245,46530259779584,1484162624.0,34.054927941411734,b781006c9e91e9238b529caf28c5be4b86bad782ae27d2bec1ae82d644a490d9,benchmark_logs/bench_dcp/20260811-222407/results/arrival_2/dcp_8/baseline_graph/manifest.json
4,2,mega,eager,dcp_mega_varlen,4,100,0.07556800171732903,0.2284684794768691,0.12779199704527855,1.3505759835243225,0.2324912960603833,1637.6666743243047,2593.3209995567277,324.16512494459096,726.8746354999802,484.0282938513451,59249210556416,11058520832.0,22.84684794768691,2474cf38f8ae250a447820f4f6ff0ad2958e3cb3c6282682f6ba65f4958b29c4,benchmark_logs/bench_dcp/20260811-222407/results/arrival_4/dcp_2/mega/manifest.json
4,2,mega,eager,dcp_mega_varlen,8,100,0.07513599842786789,0.21983503974974156,0.12591199949383736,1.3524159789085388,0.22252624100446702,1705.9711967894002,2695.166822534971,336.89585281687135,751.0909317523065,503.03722484772817,59249210556416,11058520832.0,21.983503974974155,2474cf38f8ae250a447820f4f6ff0ad2958e3cb3c6282682f6ba65f4958b29c4,benchmark_logs/bench_dcp/20260811-222407/results/arrival_4/dcp_2/mega/manifest.json
4,2,mega,eager,dcp_mega_varlen,12,100,0.07606399804353714,0.21966736011207103,0.1273679994046688,1.3420159816741943,0.22210038416832684,1709.8477828357406,2697.2241359020263,337.1530169877533,747.8666941720077,503.42121043190514,59249210556416,11058520832.0,21.966736011207104,2474cf38f8ae250a447820f4f6ff0ad2958e3cb3c6282682f6ba65f4958b29c4,benchmark_logs/bench_dcp/20260811-222407/results/arrival_4/dcp_2/mega/manifest.json
4,2,mega,eager,dcp_mega_varlen,16,100,0.07433599978685379,0.2210455994307995,0.12707199901342392,1.3734399676322937,0.22535856002569196,1695.981577038243,2680.406699295751,335.05083741196887,747.1782790711873,500.28233362148336,59249210556416,11058520832.0,22.10455994307995,2474cf38f8ae250a447820f4f6ff0ad2958e3cb3c6282682f6ba65f4958b29c4,benchmark_logs/bench_dcp/20260811-222407/results/arrival_4/dcp_2/mega/manifest.json
4,2,mega,eager,dcp_mega_varlen,20,100,0.07440000027418137,0.22340208031237124,0.1284559965133667,1.4196320176124573,0.22685177475959062,1679.6791981706542,2652.1333406372482,331.51666757965603,741.9623227881508,495.0052755344739,59249210556416,11058520832.0,22.340208031237125,2474cf38f8ae250a447820f4f6ff0ad2958e3cb3c6282682f6ba65f4958b29c4,benchmark_logs/bench_dcp/20260811-222407/results/arrival_4/dcp_2/mega/manifest.json
4,2,baseline,eager,full_kv_min_fa3_varlen,,100,0.06551999971270561,0.32220352094620464,0.13735999912023544,1.216368019580841,0.328713569290936,1383.5915591571757,1838.8753289355982,229.85941611694977,1324.1794577632072,682.5588259065564,59249210556416,21992285696.0,32.220352094620466,2474cf38f8ae250a447820f4f6ff0ad2958e3cb3c6282682f6ba65f4958b29c4,benchmark_logs/bench_dcp/20260811-222407/results/arrival_4/dcp_2/baseline_eager/manifest.json
4,2,baseline,eager,ours_no_overlap_varlen,,100,0.2685600072145462,0.4266310389339924,0.2771040052175522,1.465008020401001,0.557025406777859,933.0771334261722,1388.7693381255117,173.59616726568896,315.59953599132524,259.20572632576216,59249210556416,11058520832.0,42.66310389339924,2474cf38f8ae250a447820f4f6ff0ad2958e3cb3c6282682f6ba65f4958b29c4,benchmark_logs/bench_dcp/20260811-222407/results/arrival_4/dcp_2/baseline_eager/manifest.json
4,2,baseline,eager,ours_overlap_varlen,,100,0.3564800024032593,0.5012495984137059,0.37544000148773193,1.5019359588623047,0.7711357747912408,827.2120773792478,1182.03008528926,147.7537606611575,247.21357987234566,220.61904621962134,59249210556416,11058520832.0,50.12495984137058,2474cf38f8ae250a447820f4f6ff0ad2958e3cb3c6282682f6ba65f4958b29c4,benchmark_logs/bench_dcp/20260811-222407/results/arrival_4/dcp_2/baseline_eager/manifest.json
4,2,baseline,eager,sglang_mha_ag_ar_min_fa3_varlen,,100,0.4546239972114563,0.6203419199585914,0.4665999934077263,1.786687970161438,0.8355533759295942,670.3307998884447,955.1057030028045,119.38821287535056,198.67778576341573,178.26492900460715,59249210556416,11058520832.0,62.034191995859146,2474cf38f8ae250a447820f4f6ff0ad2958e3cb3c6282682f6ba65f4958b29c4,benchmark_logs/bench_dcp/20260811-222407/results/arrival_4/dcp_2/baseline_eager/manifest.json
4,2,baseline,eager,vllm_a2a_min_fa3_varlen,,100,0.31492799520492554,0.45505327850580213,0.33024800568819046,1.418559968471527,0.6334149762392045,900.1246870696922,1302.027990018328,162.753498752291,278.6063762788914,243.01595778655616,59249210556416,11058520832.0,45.505327850580215,2474cf38f8ae250a447820f4f6ff0ad2958e3cb3c6282682f6ba65f4958b29c4,benchmark_logs/bench_dcp/20260811-222407/results/arrival_4/dcp_2/baseline_eager/manifest.json
4,2,baseline,eager,vllm_ag_rs_min_fa3_varlen,,100,0.32924799621105194,0.47468480095267296,0.34225600212812424,1.5139040350914001,0.6608559642136099,861.9295506103077,1248.1800646977797,156.02250808722246,267.438810731162,232.9655554550304,59249210556416,11058520832.0,47.468480095267296,2474cf38f8ae250a447820f4f6ff0ad2958e3cb3c6282682f6ba65f4958b29c4,benchmark_logs/bench_dcp/20260811-222407/results/arrival_4/dcp_2/baseline_eager/manifest.json
4,2,baseline,cuda_graph,full_kv_min_fa3_varlen,,100,0.07083200290799141,0.3246347206458449,0.14403200149536133,1.193343997001648,0.3279415364712477,1357.328210390634,1825.1039333852702,228.13799167315878,1257.8683620465818,677.4471212520774,59249210556416,21992285696.0,32.463472064584494,2474cf38f8ae250a447820f4f6ff0ad2958e3cb3c6282682f6ba65f4958b29c4,benchmark_logs/bench_dcp/20260811-222407/results/arrival_4/dcp_2/baseline_graph/manifest.json
4,2,baseline,cuda_graph,ours_no_overlap_varlen,,100,0.0902400016784668,0.3201395210251212,0.15464799851179123,1.4306880235671997,0.32439974433928725,1267.276218064958,1850.7309052844723,231.34136316055904,590.6995910503284,345.4281682120791,59249210556416,11058520832.0,32.01395210251212,2474cf38f8ae250a447820f4f6ff0ad2958e3cb3c6282682f6ba65f4958b29c4,benchmark_logs/bench_dcp/20260811-222407/results/arrival_4/dcp_2/baseline_graph/manifest.json
4,2,baseline,cuda_graph,ours_overlap_varlen,,100,0.08990399911999702,0.30614480055868626,0.15159200131893158,1.3849120140075684,0.31155849592387674,1315.5399187835342,1935.3329028711776,241.9166128588972,603.2244574665418,361.2186394091688,59249210556416,11058520832.0,30.614480055868626,2474cf38f8ae250a447820f4f6ff0ad2958e3cb3c6282682f6ba65f4958b29c4,benchmark_logs/bench_dcp/20260811-222407/results/arrival_4/dcp_2/baseline_graph/manifest.json
4,2,baseline,cuda_graph,sglang_mha_ag_ar_min_fa3_varlen,,100,0.158160001039505,0.44349487870931625,0.24299999698996544,1.7215840220451355,0.4472952942699194,882.3198148835788,1335.9615499697852,166.99519374622315,363.00260983495946,249.34945955144127,59249210556416,11058520832.0,44.349487870931625,2474cf38f8ae250a447820f4f6ff0ad2958e3cb3c6282682f6ba65f4958b29c4,benchmark_logs/bench_dcp/20260811-222407/results/arrival_4/dcp_2/baseline_graph/manifest.json
4,2,baseline,cuda_graph,vllm_a2a_min_fa3_varlen,,100,0.09137599915266037,0.32074576009064915,0.15649599954485893,1.4366559982299805,0.3247609276846051,1258.2576206064175,1847.2328532003353,230.9041066500419,577.9940208762505,344.7752771190067,59249210556416,11058520832.0,32.07457600906491,2474cf38f8ae250a447820f4f6ff0ad2958e3cb3c6282682f6ba65f4958b29c4,benchmark_logs/bench_dcp/20260811-222407/results/arrival_4/dcp_2/baseline_graph/manifest.json
4,2,baseline,cuda_graph,vllm_ag_rs_min_fa3_varlen,,100,0.09822400286793709,0.33619695976376535,0.16392000019550323,1.470031976699829,0.3403870077654719,1197.9597726632428,1762.336298283259,220.2920372854074,549.792638529389,328.92982850798126,59249210556416,11058520832.0,33.61969597637653,2474cf38f8ae250a447820f4f6ff0ad2958e3cb3c6282682f6ba65f4958b29c4,benchmark_logs/bench_dcp/20260811-222407/results/arrival_4/dcp_2/baseline_graph/manifest.json
4,4,mega,eager,dcp_mega_varlen,4,100,0.07391999661922455,0.3287551986426115,0.1342959962785244,1.8559679985046387,0.33395343981683256,1243.4463907598326,1802.2288560317365,225.27860700396707,319.19213095529346,170.08517045774988,59249210556416,5591638400.0,32.87551986426115,2c3a0e94b1bcf14d27e71a9b05b626a19e760ed9eb22a6b4e8d9aa51d76bae1b,benchmark_logs/bench_dcp/20260811-222407/results/arrival_4/dcp_4/mega/manifest.json
4,4,mega,eager,dcp_mega_varlen,8,100,0.07425599917769432,0.26171248078346254,0.12733599916100502,1.5844320058822632,0.2711045115068555,1471.0139435126296,2263.9046628211063,282.9880828526383,350.68283234979384,213.65577916883714,59249210556416,5591638400.0,26.171248078346252,2c3a0e94b1bcf14d27e71a9b05b626a19e760ed9eb22a6b4e8d9aa51d76bae1b,benchmark_logs/bench_dcp/20260811-222407/results/arrival_4/dcp_4/mega/manifest.json
4,4,mega,eager,dcp_mega_varlen,12,100,0.07491200044751167,0.24584207840263844,0.12505600042641163,1.5243199467658997,0.2505687999129295,1542.941642558474,2410.0516454053914,301.2564556756739,357.3216945789467,227.4483862295556,59249210556416,5591638400.0,24.584207840263844,2c3a0e94b1bcf14d27e71a9b05b626a19e760ed9eb22a6b4e8d9aa51d76bae1b,benchmark_logs/bench_dcp/20260811-222407/results/arrival_4/dcp_4/mega/manifest.json
4,4,mega,eager,dcp_mega_varlen,16,100,0.07374400272965431,0.2427448009327054,0.12937600165605545,1.5285600423812866,0.24578732949495316,1559.9993997853433,2440.8024529778204,305.10030662222755,357.794015583462,230.3504906599476,59249210556416,5591638400.0,24.27448009327054,2c3a0e94b1bcf14d27e71a9b05b626a19e760ed9eb22a6b4e8d9aa51d76bae1b,benchmark_logs/bench_dcp/20260811-222407/results/arrival_4/dcp_4/mega/manifest.json
4,4,mega,eager,dcp_mega_varlen,20,100,0.07438400015234947,0.24549792032688855,0.12932800501585007,1.5664960145950317,0.24830320033431053,1544.3378222636313,2413.4302432185054,301.6787804023132,355.80520435377645,227.76724106479392,59249210556416,5591638400.0,24.549792032688856,2c3a0e94b1bcf14d27e71a9b05b626a19e760ed9eb22a6b4e8d9aa51d76bae1b,benchmark_logs/bench_dcp/20260811-222407/results/arrival_4/dcp_4/mega/manifest.json
4,4,baseline,eager,full_kv_min_fa3_varlen,,100,0.0647520013153553,0.3211742391064763,0.13731199875473976,1.2363680005073547,0.32545276617258784,1391.2697866678498,1844.7684571854343,230.59605714817928,1335.0482254319934,684.7462535346452,59249210556416,21992285696.0,32.11742391064763,2c3a0e94b1bcf14d27e71a9b05b626a19e760ed9eb22a6b4e8d9aa51d76bae1b,benchmark_logs/bench_dcp/20260811-222407/results/arrival_4/dcp_4/baseline_eager/manifest.json
4,4,baseline,eager,ours_no_overlap_varlen,,100,0.2619839906692505,0.43426207959651947,0.2704800069332123,1.6849919557571411,0.6174780172109605,884.0852011300437,1364.3652840115692,170.54566050144615,158.86191380733493,128.76183905339582,59249210556416,5591638400.0,43.42620795965195,2c3a0e94b1bcf14d27e71a9b05b626a19e760ed9eb22a6b4e8d9aa51d76bae1b,benchmark_logs/bench_dcp/20260811-222407/results/arrival_4/dcp_4/baseline_eager/manifest.json
4,4,baseline,eager,ours_overlap_varlen,,100,0.3527839928865433,0.49492720067501067,0.3648800030350685,1.6524320244789124,0.7718087371885778,806.7628902932048,1197.1298097095585,149.6412262136948,126.71744130330171,112.97900766766902,59249210556416,5591638400.0,49.49272006750107,2c3a0e94b1bcf14d27e71a9b05b626a19e760ed9eb22a6b4e8d9aa51d76bae1b,benchmark_logs/bench_dcp/20260811-222407/results/arrival_4/dcp_4/baseline_eager/manifest.json
4,4,baseline,eager,sglang_mha_ag_ar_min_fa3_varlen,,100,0.42950400710105896,0.6621168012917041,0.4426560029387474,2.273568034172058,0.9719393612742426,591.5633626092678,894.8452967939864,111.8556620992483,99.79745580577998,84.45093658840007,59249210556416,5591638400.0,66.21168012917042,2c3a0e94b1bcf14d27e71a9b05b626a19e760ed9eb22a6b4e8d9aa51d76bae1b,benchmark_logs/bench_dcp/20260811-222407/results/arrival_4/dcp_4/baseline_eager/manifest.json
4,4,baseline,eager,vllm_a2a_min_fa3_varlen,,100,0.3091519922018051,0.4555932801961899,0.3192959949374199,1.6532319784164429,0.5954601266980173,857.0600878543823,1300.4847334645017,162.5605916830627,142.10786061235405,122.73311839876348,59249210556416,5591638400.0,45.55932801961899,2c3a0e94b1bcf14d27e71a9b05b626a19e760ed9eb22a6b4e8d9aa51d76bae1b,benchmark_logs/bench_dcp/20260811-222407/results/arrival_4/dcp_4/baseline_eager/manifest.json
4,4,baseline,eager,vllm_ag_rs_min_fa3_varlen,,100,0.3189440071582794,0.48053232073783875,0.3282399997115135,1.7627519965171814,0.8752657592296604,809.4345965279997,1232.991164162301,154.12389552028762,136.6370662812258,116.36341945562071,59249210556416,5591638400.0,48.053232073783875,2c3a0e94b1bcf14d27e71a9b05b626a19e760ed9eb22a6b4e8d9aa51d76bae1b,benchmark_logs/bench_dcp/20260811-222407/results/arrival_4/dcp_4/baseline_eager/manifest.json
4,4,baseline,cuda_graph,full_kv_min_fa3_varlen,,100,0.0711199976503849,0.3243022397533059,0.1430319994688034,1.1967039704322815,0.3276257280111313,1359.5719498532237,1826.9750650345923,228.37188312932403,1259.5340325915392,678.141653068118,59249210556416,21992285696.0,32.43022397533059,2c3a0e94b1bcf14d27e71a9b05b626a19e760ed9eb22a6b4e8d9aa51d76bae1b,benchmark_logs/bench_dcp/20260811-222407/results/arrival_4/dcp_4/baseline_graph/manifest.json
4,4,baseline,cuda_graph,ours_no_overlap_varlen,,100,0.09017600119113922,0.33888463966548443,0.16232800111174583,1.6662399768829346,0.3433962554931641,1156.4769900629676,1748.3592828197036,218.54491035246295,274.3692811779792,165.00123480130432,59249210556416,5591638400.0,33.88846396654844,2c3a0e94b1bcf14d27e71a9b05b626a19e760ed9eb22a6b4e8d9aa51d76bae1b,benchmark_logs/bench_dcp/20260811-222407/results/arrival_4/dcp_4/baseline_graph/manifest.json
4,4,baseline,cuda_graph,ours_overlap_varlen,,100,0.08923200145363808,0.3231620801240206,0.16068799793720245,1.5848479866981506,0.32783149054646493,1201.153250473921,1833.420880744356,229.1776100930445,279.82587015916414,173.02891471221145,59249210556416,5591638400.0,32.31620801240206,2c3a0e94b1bcf14d27e71a9b05b626a19e760ed9eb22a6b4e8d9aa51d76bae1b,benchmark_logs/bench_dcp/20260811-222407/results/arrival_4/dcp_4/baseline_graph/manifest.json
4,4,baseline,cuda_graph,sglang_mha_ag_ar_min_fa3_varlen,,100,0.1621440052986145,0.513572001606226,0.2558159977197647,2.2076799869537354,0.5191024021357298,755.3583891956076,1153.6690156611087,144.2086269576386,167.5357618141594,108.8773995177274,59249210556416,5591638400.0,51.3572001606226,2c3a0e94b1bcf14d27e71a9b05b626a19e760ed9eb22a6b4e8d9aa51d76bae1b,benchmark_logs/bench_dcp/20260811-222407/results/arrival_4/dcp_4/baseline_graph/manifest.json
4,4,baseline,cuda_graph,vllm_a2a_min_fa3_varlen,,100,0.08830400183796883,0.3315169617161155,0.1558080017566681,1.6276800036430359,0.33569977566599846,1184.2492438445558,1787.2150568015963,223.40188210019954,282.95047088434126,168.66824463685302,59249210556416,5591638400.0,33.15169617161155,2c3a0e94b1bcf14d27e71a9b05b626a19e760ed9eb22a6b4e8d9aa51d76bae1b,benchmark_logs/bench_dcp/20260811-222407/results/arrival_4/dcp_4/baseline_graph/manifest.json
4,4,baseline,cuda_graph,vllm_ag_rs_min_fa3_varlen,,100,0.09998400136828423,0.3626844806596637,0.1733280010521412,1.7230879664421082,0.3693290880098939,1078.9502812648875,1633.6296068872698,204.20370086090873,254.21412512254778,154.17363295583328,59249210556416,5591638400.0,36.26844806596637,2c3a0e94b1bcf14d27e71a9b05b626a19e760ed9eb22a6b4e8d9aa51d76bae1b,benchmark_logs/bench_dcp/20260811-222407/results/arrival_4/dcp_4/baseline_graph/manifest.json
4,8,mega,eager,dcp_mega_varlen,4,100,0.08345600217580795,0.5764204788208008,0.1974639967083931,2.849727988243103,0.582894046753645,793.4087315226928,1027.8817761232865,128.4852220154108,111.83223747758339,49.58528173473456,59249210556416,2858197184.0,57.64204788208008,d07b252a24f15f98bd445d80a04b3f5fec0f4d650f6a88539165271ef5b0aa2a,benchmark_logs/bench_dcp/20260811-222407/results/arrival_4/dcp_8/mega/manifest.json
4,8,mega,eager,dcp_mega_varlen,8,100,0.0835840031504631,0.38267823968082665,0.15493600070476532,2.0537439584732056,0.38745494251698254,1084.1324771131951,1548.2774930143112,193.5346866267889,143.2003494242753,74.68930520804851,59249210556416,2858197184.0,38.267823968082666,d07b252a24f15f98bd445d80a04b3f5fec0f4d650f6a88539165271ef5b0aa2a,benchmark_logs/bench_dcp/20260811-222407/results/arrival_4/dcp_8/mega/manifest.json
4,8,mega,eager,dcp_mega_varlen,12,100,0.08391999825835228,0.3313992003723979,0.14530399814248085,1.8440960049629211,0.33581900840997697,1202.6434541869396,1787.8501363261237,223.48126704076546,152.4508120823709,86.2463512521516,59249210556416,2858197184.0,33.13992003723979,d07b252a24f15f98bd445d80a04b3f5fec0f4d650f6a88539165271ef5b0aa2a,benchmark_logs/bench_dcp/20260811-222407/results/arrival_4/dcp_8/mega/manifest.json
4,8,mega,eager,dcp_mega_varlen,16,100,0.08427200093865395,0.31524863973259926,0.1444079987704754,1.8204320073127747,0.32006579120457174,1243.2099375729583,1879.4438131968616,234.9304766496077,155.00649943633147,90.66485382536099,59249210556416,2858197184.0,31.524863973259926,d07b252a24f15f98bd445d80a04b3f5fec0f4d650f6a88539165271ef5b0aa2a,benchmark_logs/bench_dcp/20260811-222407/results/arrival_4/dcp_8/mega/manifest.json
4,8,mega,eager,dcp_mega_varlen,20,100,0.08900799974799156,0.31747568015009164,0.14499999955296516,1.8229119777679443,0.320978720009327,1233.5712662047908,1866.2598195995674,233.28247744994593,153.36673146565332,90.02885457710468,59249210556416,2858197184.0,31.747568015009165,d07b252a24f15f98bd445d80a04b3f5fec0f4d650f6a88539165271ef5b0aa2a,benchmark_logs/bench_dcp/20260811-222407/results/arrival_4/dcp_8/mega/manifest.json
4,8,baseline,eager,full_kv_min_fa3_varlen,,100,0.06496000289916992,0.32095775943249466,0.13787999749183655,1.2069119811058044,0.3267398406937718,1390.3804910280703,1846.0127170995402,230.75158963744252,1326.1244142280293,685.2081013677914,59249210556416,21992285696.0,32.095775943249464,d07b252a24f15f98bd445d80a04b3f5fec0f4d650f6a88539165271ef5b0aa2a,benchmark_logs/bench_dcp/20260811-222407/results/arrival_4/dcp_8/baseline_eager/manifest.json
4,8,baseline,eager,ours_no_overlap_varlen,,100,0.27238398790359497,0.517968162149191,0.2842639982700348,2.183824062347412,0.6461493784487249,733.263029059455,1143.8774597761935,142.9846824720242,73.88312995673722,55.1809434027868,59249210556416,2858197184.0,51.79681621491909,d07b252a24f15f98bd445d80a04b3f5fec0f4d650f6a88539165271ef5b0aa2a,benchmark_logs/bench_dcp/20260811-222407/results/arrival_4/dcp_8/baseline_eager/manifest.json
4,8,baseline,eager,ours_overlap_varlen,,100,0.3673280030488968,0.5678417612612248,0.38179200887680054,2.1296640634536743,0.9382429759800437,678.5546772501222,1043.4105872174403,130.42632340218003,59.66145336888622,50.33439558322906,59249210556416,2858197184.0,56.784176126122475,d07b252a24f15f98bd445d80a04b3f5fec0f4d650f6a88539165271ef5b0aa2a,benchmark_logs/bench_dcp/20260811-222407/results/arrival_4/dcp_8/baseline_eager/manifest.json
4,8,baseline,eager,sglang_mha_ag_ar_min_fa3_varlen,,100,0.45768000185489655,0.8240686409175396,0.4768880009651184,3.0513120889663696,0.9957437088489534,467.78922487322166,718.9839245726712,89.8729905715839,44.60762991179908,34.683969782148345,59249210556416,2858197184.0,82.40686409175396,d07b252a24f15f98bd445d80a04b3f5fec0f4d650f6a88539165271ef5b0aa2a,benchmark_logs/bench_dcp/20260811-222407/results/arrival_4/dcp_8/baseline_eager/manifest.json
4,8,baseline,eager,vllm_a2a_min_fa3_varlen,,100,0.32758399844169617,0.5404832018911838,0.3383360058069229,2.1685439348220825,0.7733620480000973,706.5264883985022,1096.2266791844663,137.0283348980583,65.62669478828906,52.882257468853666,59249210556416,2858197184.0,54.048320189118385,d07b252a24f15f98bd445d80a04b3f5fec0f4d650f6a88539165271ef5b0aa2a,benchmark_logs/bench_dcp/20260811-222407/results/arrival_4/dcp_8/baseline_eager/manifest.json
4,8,baseline,eager,vllm_ag_rs_min_fa3_varlen,,100,0.3340799957513809,0.5774438415467739,0.3453039973974228,2.314303994178772,0.7270305281579497,660.4081912714164,1026.060134223749,128.25751677796862,63.00375813752862,49.497405260117944,59249210556416,2858197184.0,57.74438415467739,d07b252a24f15f98bd445d80a04b3f5fec0f4d650f6a88539165271ef5b0aa2a,benchmark_logs/bench_dcp/20260811-222407/results/arrival_4/dcp_8/baseline_eager/manifest.json
4,8,baseline,cuda_graph,full_kv_min_fa3_varlen,,100,0.0705760009586811,0.3245419200882316,0.14320799708366394,1.1934880018234253,0.32790547103434803,1358.4019276848383,1825.6258094580883,228.20322618226103,1258.9778744678472,677.6408326548715,59249210556416,21992285696.0,32.454192008823156,d07b252a24f15f98bd445d80a04b3f5fec0f4d650f6a88539165271ef5b0aa2a,benchmark_logs/bench_dcp/20260811-222407/results/arrival_4/dcp_8/baseline_graph/manifest.json
4,8,baseline,cuda_graph,ours_no_overlap_varlen,,100,0.1035039983689785,0.43523648265749215,0.19511999934911728,2.1379520893096924,0.4403522564321756,902.7371966248887,1361.3107567327247,170.1638445915906,109.65141072403532,65.66998167406037,59249210556416,2858197184.0,43.523648265749216,d07b252a24f15f98bd445d80a04b3f5fec0f4d650f6a88539165271ef5b0aa2a,benchmark_logs/bench_dcp/20260811-222407/results/arrival_4/dcp_8/baseline_graph/manifest.json
4,8,baseline,cuda_graph,ours_overlap_varlen,,100,0.10259199887514114,0.41938767954707146,0.1921120025217533,2.0715999603271484,0.4241115215718746,929.8719644184613,1412.7551534275808,176.5943941784476,111.71868707150279,68.15167262631043,59249210556416,2858197184.0,41.938767954707146,d07b252a24f15f98bd445d80a04b3f5fec0f4d650f6a88539165271ef5b0aa2a,benchmark_logs/bench_dcp/20260811-222407/results/arrival_4/dcp_8/baseline_graph/manifest.json
4,8,baseline,cuda_graph,sglang_mha_ag_ar_min_fa3_varlen,,100,0.1952960044145584,0.6939335983991622,0.33049600571393967,2.9804000854492188,0.700016929551959,563.0146910645236,853.8167152173954,106.72708940217443,64.1658217634625,41.18833834524779,59249210556416,2858197184.0,69.39335983991623,d07b252a24f15f98bd445d80a04b3f5fec0f4d650f6a88539165271ef5b0aa2a,benchmark_logs/bench_dcp/20260811-222407/results/arrival_4/dcp_8/baseline_graph/manifest.json
4,8,baseline,cuda_graph,vllm_a2a_min_fa3_varlen,,100,0.09718400239944458,0.42052192002534866,0.18214400112628937,2.1167999505996704,0.42585081481188536,942.7325343369869,1408.9446408131237,176.11808010164046,116.72543940621789,67.96785251593332,59249210556416,2858197184.0,42.052192002534866,d07b252a24f15f98bd445d80a04b3f5fec0f4d650f6a88539165271ef5b0aa2a,benchmark_logs/bench_dcp/20260811-222407/results/arrival_4/dcp_8/baseline_graph/manifest.json
4,8,baseline,cuda_graph,vllm_ag_rs_min_fa3_varlen,,100,0.11187200248241425,0.4704039993882179,0.2125519998371601,2.2771040201187134,0.47504403051733973,837.459538669852,1259.5388354153522,157.44235442691902,101.57871120793834,60.7604779661146,59249210556416,2858197184.0,47.04039993882179,d07b252a24f15f98bd445d80a04b3f5fec0f4d650f6a88539165271ef5b0aa2a,benchmark_logs/bench_dcp/20260811-222407/results/arrival_4/dcp_8/baseline_graph/manifest.json
