token_count,dataset,direction,mode,world_size,method,sm_config,weighted_tflops,weighted_gpu_tflops,source_log
65536,arxiv,backward,causal,8,allgather_attention,-,2405.75,300.72,dataset_65536_backward.results.log
65536,arxiv,backward,causal,8,fa3_ring,-,1888.65,236.08,dataset_65536_backward.results.log
65536,arxiv,backward,causal,8,llama3_allgather_attention,-,1900.36,237.54,dataset_65536_backward.results.log
65536,arxiv,backward,causal,8,magi_attention,-,2873.94,359.24,dataset_65536_backward.results.log
65536,arxiv,backward,causal,8,mega_ring_all_cp,116:16,3493.39,436.67,dataset_65536_backward.results.log
65536,arxiv,backward,causal,8,mega_ring_all_cp,120:12,3582.38,447.8,dataset_65536_backward.results.log
65536,arxiv,backward,causal,8,mega_ring_all_cp,124:8,3559.89,444.99,dataset_65536_backward.results.log
65536,arxiv,backward,causal,8,mega_ring_all_cp,128:4,3721.64,465.2,dataset_65536_backward.results.log
65536,arxiv,backward,causal,8,mega_ring_hybrid,116:16,3600.3,450.04,dataset_65536_backward.results.log
65536,arxiv,backward,causal,8,mega_ring_hybrid,120:12,3679.6,459.95,dataset_65536_backward.results.log
65536,arxiv,backward,causal,8,mega_ring_hybrid,124:8,3734.23,466.78,dataset_65536_backward.results.log
65536,arxiv,backward,causal,8,mega_ring_hybrid,128:4,3730.55,466.32,dataset_65536_backward.results.log
65536,arxiv,backward,causal,8,megatron_hybrid_cp,-,2383.22,297.9,dataset_65536_backward.results.log
65536,arxiv,backward,causal,8,zeppelin,-,1876.11,234.51,dataset_65536_backward.results.log
65536,arxiv,forward,causal,8,allgather_attention,128:4,3381.9,422.7,dataset_65536_forward.results.log
65536,arxiv,forward,causal,8,fa3_ring,128:4,1975.0,246.9,dataset_65536_forward.results.log
65536,arxiv,forward,causal,8,llama3_allgather_attention,128:4,2402.1,300.3,dataset_65536_forward.results.log
65536,arxiv,forward,causal,8,magi_attention,128:4,3469.8,433.7,dataset_65536_forward.results.log
65536,arxiv,forward,causal,8,mega_ring_all_cp,116:16,3861.7,482.7,dataset_65536_forward.results.log
65536,arxiv,forward,causal,8,mega_ring_all_cp,120:12,3843.1,480.4,dataset_65536_forward.results.log
65536,arxiv,forward,causal,8,mega_ring_all_cp,124:8,3952.8,494.1,dataset_65536_forward.results.log
65536,arxiv,forward,causal,8,mega_ring_all_cp,128:4,3864.7,483.1,dataset_65536_forward.results.log
65536,arxiv,forward,causal,8,mega_ring_hybrid,116:16,4003.7,500.5,dataset_65536_forward.results.log
65536,arxiv,forward,causal,8,mega_ring_hybrid,120:12,3969.7,496.2,dataset_65536_forward.results.log
65536,arxiv,forward,causal,8,mega_ring_hybrid,124:8,4033.5,504.2,dataset_65536_forward.results.log
65536,arxiv,forward,causal,8,mega_ring_hybrid,128:4,4044.7,505.6,dataset_65536_forward.results.log
65536,arxiv,forward,causal,8,megatron_hybrid_cp,128:4,2442.8,305.4,dataset_65536_forward.results.log
65536,arxiv,forward,causal,8,zeppelin,128:4,1964.5,245.6,dataset_65536_forward.results.log
65536,freelaw,backward,causal,8,allgather_attention,-,1487.2,185.9,dataset_65536_backward.results.log
65536,freelaw,backward,causal,8,fa3_ring,-,1107.38,138.42,dataset_65536_backward.results.log
65536,freelaw,backward,causal,8,llama3_allgather_attention,-,1520.01,190.0,dataset_65536_backward.results.log
65536,freelaw,backward,causal,8,magi_attention,-,2397.05,299.63,dataset_65536_backward.results.log
65536,freelaw,backward,causal,8,mega_ring_all_cp,116:16,2486.35,310.79,dataset_65536_backward.results.log
65536,freelaw,backward,causal,8,mega_ring_all_cp,120:12,2485.92,310.74,dataset_65536_backward.results.log
65536,freelaw,backward,causal,8,mega_ring_all_cp,124:8,2524.97,315.62,dataset_65536_backward.results.log
65536,freelaw,backward,causal,8,mega_ring_all_cp,128:4,1978.78,247.35,dataset_65536_backward.results.log
65536,freelaw,backward,causal,8,mega_ring_hybrid,116:16,3196.36,399.54,dataset_65536_backward.results.log
65536,freelaw,backward,causal,8,mega_ring_hybrid,120:12,3258.18,407.27,dataset_65536_backward.results.log
65536,freelaw,backward,causal,8,mega_ring_hybrid,124:8,3293.66,411.71,dataset_65536_backward.results.log
65536,freelaw,backward,causal,8,mega_ring_hybrid,128:4,3169.51,396.19,dataset_65536_backward.results.log
65536,freelaw,backward,causal,8,megatron_hybrid_cp,-,2412.42,301.55,dataset_65536_backward.results.log
65536,freelaw,backward,causal,8,zeppelin,-,1577.99,197.25,dataset_65536_backward.results.log
65536,freelaw,forward,causal,8,allgather_attention,128:4,2374.4,296.8,dataset_65536_forward.results.log
65536,freelaw,forward,causal,8,fa3_ring,128:4,989.7,123.7,dataset_65536_forward.results.log
65536,freelaw,forward,causal,8,llama3_allgather_attention,128:4,1947.6,243.4,dataset_65536_forward.results.log
65536,freelaw,forward,causal,8,magi_attention,128:4,2511.5,313.9,dataset_65536_forward.results.log
65536,freelaw,forward,causal,8,mega_ring_all_cp,116:16,2543.3,317.9,dataset_65536_forward.results.log
65536,freelaw,forward,causal,8,mega_ring_all_cp,120:12,2604.0,325.5,dataset_65536_forward.results.log
65536,freelaw,forward,causal,8,mega_ring_all_cp,124:8,2589.8,323.7,dataset_65536_forward.results.log
65536,freelaw,forward,causal,8,mega_ring_all_cp,128:4,2298.8,287.4,dataset_65536_forward.results.log
65536,freelaw,forward,causal,8,mega_ring_hybrid,116:16,3517.8,439.7,dataset_65536_forward.results.log
65536,freelaw,forward,causal,8,mega_ring_hybrid,120:12,3569.7,446.2,dataset_65536_forward.results.log
65536,freelaw,forward,causal,8,mega_ring_hybrid,124:8,3606.9,450.9,dataset_65536_forward.results.log
65536,freelaw,forward,causal,8,mega_ring_hybrid,128:4,3496.8,437.1,dataset_65536_forward.results.log
65536,freelaw,forward,causal,8,megatron_hybrid_cp,128:4,2583.8,323.0,dataset_65536_forward.results.log
65536,freelaw,forward,causal,8,zeppelin,128:4,1402.7,175.3,dataset_65536_forward.results.log
65536,github,backward,causal,8,allgather_attention,-,1547.23,193.4,dataset_65536_backward.results.log
65536,github,backward,causal,8,fa3_ring,-,1178.64,147.33,dataset_65536_backward.results.log
65536,github,backward,causal,8,llama3_allgather_attention,-,1618.24,202.28,dataset_65536_backward.results.log
65536,github,backward,causal,8,magi_attention,-,2492.62,311.58,dataset_65536_backward.results.log
65536,github,backward,causal,8,mega_ring_all_cp,116:16,2233.12,279.14,dataset_65536_backward.results.log
65536,github,backward,causal,8,mega_ring_all_cp,120:12,2187.51,273.44,dataset_65536_backward.results.log
65536,github,backward,causal,8,mega_ring_all_cp,124:8,2179.25,272.41,dataset_65536_backward.results.log
65536,github,backward,causal,8,mega_ring_all_cp,128:4,1700.67,212.58,dataset_65536_backward.results.log
65536,github,backward,causal,8,mega_ring_hybrid,116:16,3248.12,406.02,dataset_65536_backward.results.log
65536,github,backward,causal,8,mega_ring_hybrid,120:12,3299.29,412.41,dataset_65536_backward.results.log
65536,github,backward,causal,8,mega_ring_hybrid,124:8,3323.98,415.5,dataset_65536_backward.results.log
65536,github,backward,causal,8,mega_ring_hybrid,128:4,3232.31,404.04,dataset_65536_backward.results.log
65536,github,backward,causal,8,megatron_hybrid_cp,-,2306.09,288.26,dataset_65536_backward.results.log
65536,github,backward,causal,8,zeppelin,-,1728.45,216.06,dataset_65536_backward.results.log
65536,github,forward,causal,8,allgather_attention,128:4,2493.3,311.7,dataset_65536_forward.results.log
65536,github,forward,causal,8,fa3_ring,128:4,974.4,121.8,dataset_65536_forward.results.log
65536,github,forward,causal,8,llama3_allgather_attention,128:4,2049.0,256.1,dataset_65536_forward.results.log
65536,github,forward,causal,8,magi_attention,128:4,2631.3,328.9,dataset_65536_forward.results.log
65536,github,forward,causal,8,mega_ring_all_cp,116:16,2271.5,283.9,dataset_65536_forward.results.log
65536,github,forward,causal,8,mega_ring_all_cp,120:12,2270.1,283.8,dataset_65536_forward.results.log
65536,github,forward,causal,8,mega_ring_all_cp,124:8,2272.6,284.1,dataset_65536_forward.results.log
65536,github,forward,causal,8,mega_ring_all_cp,128:4,2005.6,250.7,dataset_65536_forward.results.log
65536,github,forward,causal,8,mega_ring_hybrid,116:16,3693.6,461.7,dataset_65536_forward.results.log
65536,github,forward,causal,8,mega_ring_hybrid,120:12,3730.3,466.3,dataset_65536_forward.results.log
65536,github,forward,causal,8,mega_ring_hybrid,124:8,3778.2,472.3,dataset_65536_forward.results.log
65536,github,forward,causal,8,mega_ring_hybrid,128:4,3661.0,457.6,dataset_65536_forward.results.log
65536,github,forward,causal,8,megatron_hybrid_cp,128:4,2486.8,310.8,dataset_65536_forward.results.log
65536,github,forward,causal,8,zeppelin,128:4,1541.7,192.7,dataset_65536_forward.results.log
65536,pile,backward,causal,8,allgather_attention,-,824.27,103.03,dataset_65536_backward.results.log
65536,pile,backward,causal,8,fa3_ring,-,578.32,72.29,dataset_65536_backward.results.log
65536,pile,backward,causal,8,llama3_allgather_attention,-,1030.98,128.87,dataset_65536_backward.results.log
65536,pile,backward,causal,8,magi_attention,-,1933.67,241.71,dataset_65536_backward.results.log
65536,pile,backward,causal,8,mega_ring_all_cp,116:16,801.9,100.24,dataset_65536_backward.results.log
65536,pile,backward,causal,8,mega_ring_all_cp,120:12,719.7,89.96,dataset_65536_backward.results.log
65536,pile,backward,causal,8,mega_ring_all_cp,124:8,749.62,93.7,dataset_65536_backward.results.log
65536,pile,backward,causal,8,mega_ring_all_cp,128:4,553.0,69.13,dataset_65536_backward.results.log
65536,pile,backward,causal,8,mega_ring_hybrid,116:16,2496.97,312.12,dataset_65536_backward.results.log
65536,pile,backward,causal,8,mega_ring_hybrid,120:12,2523.4,315.42,dataset_65536_backward.results.log
65536,pile,backward,causal,8,mega_ring_hybrid,124:8,2482.0,310.25,dataset_65536_backward.results.log
65536,pile,backward,causal,8,mega_ring_hybrid,128:4,2238.92,279.87,dataset_65536_backward.results.log
65536,pile,backward,causal,8,megatron_hybrid_cp,-,1813.25,226.66,dataset_65536_backward.results.log
65536,pile,backward,causal,8,zeppelin,-,1494.97,186.87,dataset_65536_backward.results.log
65536,pile,forward,causal,8,allgather_attention,128:4,1482.3,185.3,dataset_65536_forward.results.log
65536,pile,forward,causal,8,fa3_ring,128:4,396.8,49.6,dataset_65536_forward.results.log
65536,pile,forward,causal,8,llama3_allgather_attention,128:4,1301.0,162.6,dataset_65536_forward.results.log
65536,pile,forward,causal,8,magi_attention,128:4,1895.0,236.9,dataset_65536_forward.results.log
65536,pile,forward,causal,8,mega_ring_all_cp,116:16,749.8,93.7,dataset_65536_forward.results.log
65536,pile,forward,causal,8,mega_ring_all_cp,120:12,755.8,94.5,dataset_65536_forward.results.log
65536,pile,forward,causal,8,mega_ring_all_cp,124:8,752.3,94.0,dataset_65536_forward.results.log
65536,pile,forward,causal,8,mega_ring_all_cp,128:4,654.7,81.8,dataset_65536_forward.results.log
65536,pile,forward,causal,8,mega_ring_hybrid,116:16,3213.2,401.6,dataset_65536_forward.results.log
65536,pile,forward,causal,8,mega_ring_hybrid,120:12,3235.0,404.4,dataset_65536_forward.results.log
65536,pile,forward,causal,8,mega_ring_hybrid,124:8,3249.6,406.2,dataset_65536_forward.results.log
65536,pile,forward,causal,8,mega_ring_hybrid,128:4,3163.0,395.4,dataset_65536_forward.results.log
65536,pile,forward,causal,8,megatron_hybrid_cp,128:4,1988.9,248.6,dataset_65536_forward.results.log
65536,pile,forward,causal,8,zeppelin,128:4,1323.9,165.5,dataset_65536_forward.results.log
65536,prolong,backward,causal,8,allgather_attention,-,3374.91,421.86,dataset_65536_backward.results.log
65536,prolong,backward,causal,8,fa3_ring,-,3162.9,395.36,dataset_65536_backward.results.log
65536,prolong,backward,causal,8,llama3_allgather_attention,-,3539.45,442.43,dataset_65536_backward.results.log
65536,prolong,backward,causal,8,magi_attention,-,3127.93,390.99,dataset_65536_backward.results.log
65536,prolong,backward,causal,8,mega_ring_all_cp,116:16,3987.73,498.47,dataset_65536_backward.results.log
65536,prolong,backward,causal,8,mega_ring_all_cp,120:12,4062.93,507.87,dataset_65536_backward.results.log
65536,prolong,backward,causal,8,mega_ring_all_cp,124:8,4145.54,518.19,dataset_65536_backward.results.log
65536,prolong,backward,causal,8,mega_ring_all_cp,128:4,4170.05,521.26,dataset_65536_backward.results.log
65536,prolong,backward,causal,8,mega_ring_hybrid,116:16,3992.49,499.06,dataset_65536_backward.results.log
65536,prolong,backward,causal,8,mega_ring_hybrid,120:12,4070.72,508.84,dataset_65536_backward.results.log
65536,prolong,backward,causal,8,mega_ring_hybrid,124:8,4153.25,519.16,dataset_65536_backward.results.log
65536,prolong,backward,causal,8,mega_ring_hybrid,128:4,4179.62,522.45,dataset_65536_backward.results.log
65536,prolong,backward,causal,8,megatron_hybrid_cp,-,3185.16,398.14,dataset_65536_backward.results.log
65536,prolong,backward,causal,8,zeppelin,-,3205.51,400.69,dataset_65536_backward.results.log
65536,prolong,forward,causal,8,allgather_attention,128:4,4308.2,538.5,dataset_65536_forward.results.log
65536,prolong,forward,causal,8,fa3_ring,128:4,3487.2,435.9,dataset_65536_forward.results.log
65536,prolong,forward,causal,8,llama3_allgather_attention,128:4,4376.5,547.1,dataset_65536_forward.results.log
65536,prolong,forward,causal,8,magi_attention,128:4,4034.7,504.3,dataset_65536_forward.results.log
65536,prolong,forward,causal,8,mega_ring_all_cp,116:16,4441.6,555.2,dataset_65536_forward.results.log
65536,prolong,forward,causal,8,mega_ring_all_cp,120:12,4478.7,559.8,dataset_65536_forward.results.log
65536,prolong,forward,causal,8,mega_ring_all_cp,124:8,4523.2,565.4,dataset_65536_forward.results.log
65536,prolong,forward,causal,8,mega_ring_all_cp,128:4,4471.5,558.9,dataset_65536_forward.results.log
65536,prolong,forward,causal,8,mega_ring_hybrid,116:16,4519.5,564.9,dataset_65536_forward.results.log
65536,prolong,forward,causal,8,mega_ring_hybrid,120:12,4523.9,565.5,dataset_65536_forward.results.log
65536,prolong,forward,causal,8,mega_ring_hybrid,124:8,4490.9,561.4,dataset_65536_forward.results.log
65536,prolong,forward,causal,8,mega_ring_hybrid,128:4,4413.6,551.7,dataset_65536_forward.results.log
65536,prolong,forward,causal,8,megatron_hybrid_cp,128:4,3432.3,429.0,dataset_65536_forward.results.log
65536,prolong,forward,causal,8,zeppelin,128:4,3516.2,439.5,dataset_65536_forward.results.log
131072,arxiv,backward,causal,8,allgather_attention,-,2525.18,315.65,dataset_131072_backward.results.log
131072,arxiv,backward,causal,8,fa3_ring,-,2040.12,255.02,dataset_131072_backward.results.log
131072,arxiv,backward,causal,8,llama3_allgather_attention,-,2145.4,268.18,dataset_131072_backward.results.log
131072,arxiv,backward,causal,8,magi_attention,-,3281.56,410.19,dataset_131072_backward.results.log
131072,arxiv,backward,causal,8,mega_ring_all_cp,116:16,3552.22,444.03,dataset_131072_backward.results.log
131072,arxiv,backward,causal,8,mega_ring_all_cp,120:12,3627.54,453.44,dataset_131072_backward.results.log
131072,arxiv,backward,causal,8,mega_ring_all_cp,124:8,3695.4,461.93,dataset_131072_backward.results.log
131072,arxiv,backward,causal,8,mega_ring_all_cp,128:4,3652.55,456.57,dataset_131072_backward.results.log
131072,arxiv,backward,causal,8,mega_ring_hybrid,116:16,3727.73,465.97,dataset_131072_backward.results.log
131072,arxiv,backward,causal,8,mega_ring_hybrid,120:12,3797.05,474.63,dataset_131072_backward.results.log
131072,arxiv,backward,causal,8,mega_ring_hybrid,124:8,3863.46,482.93,dataset_131072_backward.results.log
131072,arxiv,backward,causal,8,mega_ring_hybrid,128:4,3882.81,485.35,dataset_131072_backward.results.log
131072,arxiv,backward,causal,8,megatron_hybrid_cp,-,2691.67,336.46,dataset_131072_backward.results.log
131072,arxiv,backward,causal,8,zeppelin,-,2053.27,256.66,dataset_131072_backward.results.log
131072,arxiv,forward,causal,8,allgather_attention,128:4,3677.8,459.7,dataset_131072_forward.results.log
131072,arxiv,forward,causal,8,fa3_ring,128:4,2300.1,287.5,dataset_131072_forward.results.log
131072,arxiv,forward,causal,8,llama3_allgather_attention,128:4,2573.2,321.6,dataset_131072_forward.results.log
131072,arxiv,forward,causal,8,magi_attention,128:4,3863.8,483.0,dataset_131072_forward.results.log
131072,arxiv,forward,causal,8,mega_ring_all_cp,116:16,4019.1,502.4,dataset_131072_forward.results.log
131072,arxiv,forward,causal,8,mega_ring_all_cp,120:12,4030.6,503.8,dataset_131072_forward.results.log
131072,arxiv,forward,causal,8,mega_ring_all_cp,124:8,4000.2,500.0,dataset_131072_forward.results.log
131072,arxiv,forward,causal,8,mega_ring_all_cp,128:4,3964.9,495.6,dataset_131072_forward.results.log
131072,arxiv,forward,causal,8,mega_ring_hybrid,116:16,4226.7,528.3,dataset_131072_forward.results.log
131072,arxiv,forward,causal,8,mega_ring_hybrid,120:12,4213.5,526.7,dataset_131072_forward.results.log
131072,arxiv,forward,causal,8,mega_ring_hybrid,124:8,4262.6,532.8,dataset_131072_forward.results.log
131072,arxiv,forward,causal,8,mega_ring_hybrid,128:4,4208.6,526.1,dataset_131072_forward.results.log
131072,arxiv,forward,causal,8,megatron_hybrid_cp,128:4,2878.0,359.8,dataset_131072_forward.results.log
131072,arxiv,forward,causal,8,zeppelin,128:4,2382.8,297.9,dataset_131072_forward.results.log
131072,freelaw,backward,causal,8,allgather_attention,-,1498.71,187.34,dataset_131072_backward.results.log
131072,freelaw,backward,causal,8,fa3_ring,-,1194.57,149.32,dataset_131072_backward.results.log
131072,freelaw,backward,causal,8,llama3_allgather_attention,-,1559.08,194.89,dataset_131072_backward.results.log
131072,freelaw,backward,causal,8,magi_attention,-,2880.47,360.06,dataset_131072_backward.results.log
131072,freelaw,backward,causal,8,mega_ring_all_cp,116:16,2410.88,301.36,dataset_131072_backward.results.log
131072,freelaw,backward,causal,8,mega_ring_all_cp,120:12,2413.27,301.66,dataset_131072_backward.results.log
131072,freelaw,backward,causal,8,mega_ring_all_cp,124:8,2470.59,308.82,dataset_131072_backward.results.log
131072,freelaw,backward,causal,8,mega_ring_all_cp,128:4,1967.77,245.97,dataset_131072_backward.results.log
131072,freelaw,backward,causal,8,mega_ring_hybrid,116:16,3307.6,413.45,dataset_131072_backward.results.log
131072,freelaw,backward,causal,8,mega_ring_hybrid,120:12,3344.97,418.12,dataset_131072_backward.results.log
131072,freelaw,backward,causal,8,mega_ring_hybrid,124:8,3387.52,423.44,dataset_131072_backward.results.log
131072,freelaw,backward,causal,8,mega_ring_hybrid,128:4,3317.06,414.63,dataset_131072_backward.results.log
131072,freelaw,backward,causal,8,megatron_hybrid_cp,-,2570.98,321.37,dataset_131072_backward.results.log
131072,freelaw,backward,causal,8,zeppelin,-,1777.98,222.25,dataset_131072_backward.results.log
131072,freelaw,forward,causal,8,allgather_attention,128:4,2510.8,313.9,dataset_131072_forward.results.log
131072,freelaw,forward,causal,8,fa3_ring,128:4,1045.3,130.7,dataset_131072_forward.results.log
131072,freelaw,forward,causal,8,llama3_allgather_attention,128:4,1940.2,242.5,dataset_131072_forward.results.log
131072,freelaw,forward,causal,8,magi_attention,128:4,3083.6,385.4,dataset_131072_forward.results.log
131072,freelaw,forward,causal,8,mega_ring_all_cp,116:16,2453.9,306.7,dataset_131072_forward.results.log
131072,freelaw,forward,causal,8,mega_ring_all_cp,120:12,2443.3,305.4,dataset_131072_forward.results.log
131072,freelaw,forward,causal,8,mega_ring_all_cp,124:8,2461.7,307.7,dataset_131072_forward.results.log
131072,freelaw,forward,causal,8,mega_ring_all_cp,128:4,2168.0,271.0,dataset_131072_forward.results.log
131072,freelaw,forward,causal,8,mega_ring_hybrid,116:16,4004.2,500.5,dataset_131072_forward.results.log
131072,freelaw,forward,causal,8,mega_ring_hybrid,120:12,4031.0,503.9,dataset_131072_forward.results.log
131072,freelaw,forward,causal,8,mega_ring_hybrid,124:8,4004.3,500.5,dataset_131072_forward.results.log
131072,freelaw,forward,causal,8,mega_ring_hybrid,128:4,4039.6,504.9,dataset_131072_forward.results.log
131072,freelaw,forward,causal,8,megatron_hybrid_cp,128:4,2735.0,341.9,dataset_131072_forward.results.log
131072,freelaw,forward,causal,8,zeppelin,128:4,1750.7,218.8,dataset_131072_forward.results.log
131072,github,backward,causal,8,allgather_attention,-,1568.84,196.1,dataset_131072_backward.results.log
131072,github,backward,causal,8,fa3_ring,-,1268.62,158.58,dataset_131072_backward.results.log
131072,github,backward,causal,8,llama3_allgather_attention,-,1649.15,206.14,dataset_131072_backward.results.log
131072,github,backward,causal,8,magi_attention,-,2974.26,371.78,dataset_131072_backward.results.log
131072,github,backward,causal,8,mega_ring_all_cp,116:16,2190.11,273.76,dataset_131072_backward.results.log
131072,github,backward,causal,8,mega_ring_all_cp,120:12,2233.19,279.15,dataset_131072_backward.results.log
131072,github,backward,causal,8,mega_ring_all_cp,124:8,2237.15,279.64,dataset_131072_backward.results.log
131072,github,backward,causal,8,mega_ring_all_cp,128:4,1776.46,222.06,dataset_131072_backward.results.log
131072,github,backward,causal,8,mega_ring_hybrid,116:16,3328.28,416.03,dataset_131072_backward.results.log
131072,github,backward,causal,8,mega_ring_hybrid,120:12,3379.81,422.48,dataset_131072_backward.results.log
131072,github,backward,causal,8,mega_ring_hybrid,124:8,3410.15,426.27,dataset_131072_backward.results.log
131072,github,backward,causal,8,mega_ring_hybrid,128:4,3353.47,419.18,dataset_131072_backward.results.log
131072,github,backward,causal,8,megatron_hybrid_cp,-,2581.56,322.69,dataset_131072_backward.results.log
131072,github,backward,causal,8,zeppelin,-,1946.84,243.36,dataset_131072_backward.results.log
131072,github,forward,causal,8,allgather_attention,128:4,2684.8,335.6,dataset_131072_forward.results.log
131072,github,forward,causal,8,fa3_ring,128:4,1093.5,136.7,dataset_131072_forward.results.log
131072,github,forward,causal,8,llama3_allgather_attention,128:4,2046.4,255.8,dataset_131072_forward.results.log
131072,github,forward,causal,8,magi_attention,128:4,3270.3,408.8,dataset_131072_forward.results.log
131072,github,forward,causal,8,mega_ring_all_cp,116:16,2159.4,269.9,dataset_131072_forward.results.log
131072,github,forward,causal,8,mega_ring_all_cp,120:12,2173.5,271.7,dataset_131072_forward.results.log
131072,github,forward,causal,8,mega_ring_all_cp,124:8,2164.0,270.5,dataset_131072_forward.results.log
131072,github,forward,causal,8,mega_ring_all_cp,128:4,1906.6,238.3,dataset_131072_forward.results.log
131072,github,forward,causal,8,mega_ring_hybrid,116:16,4045.3,505.7,dataset_131072_forward.results.log
131072,github,forward,causal,8,mega_ring_hybrid,120:12,4087.3,510.9,dataset_131072_forward.results.log
131072,github,forward,causal,8,mega_ring_hybrid,124:8,4086.5,510.8,dataset_131072_forward.results.log
131072,github,forward,causal,8,mega_ring_hybrid,128:4,4086.9,510.9,dataset_131072_forward.results.log
131072,github,forward,causal,8,megatron_hybrid_cp,128:4,2766.1,345.8,dataset_131072_forward.results.log
131072,github,forward,causal,8,zeppelin,128:4,1996.3,249.5,dataset_131072_forward.results.log
131072,pile,backward,causal,8,allgather_attention,-,858.28,107.28,dataset_131072_backward.results.log
131072,pile,backward,causal,8,fa3_ring,-,617.88,77.24,dataset_131072_backward.results.log
131072,pile,backward,causal,8,llama3_allgather_attention,-,1155.21,144.4,dataset_131072_backward.results.log
131072,pile,backward,causal,8,magi_attention,-,2531.76,316.47,dataset_131072_backward.results.log
131072,pile,backward,causal,8,mega_ring_all_cp,116:16,816.56,102.07,dataset_131072_backward.results.log
131072,pile,backward,causal,8,mega_ring_all_cp,120:12,794.3,99.29,dataset_131072_backward.results.log
131072,pile,backward,causal,8,mega_ring_all_cp,124:8,820.67,102.58,dataset_131072_backward.results.log
131072,pile,backward,causal,8,mega_ring_all_cp,128:4,599.93,74.99,dataset_131072_backward.results.log
131072,pile,backward,causal,8,mega_ring_hybrid,116:16,2510.01,313.75,dataset_131072_backward.results.log
131072,pile,backward,causal,8,mega_ring_hybrid,120:12,2546.72,318.34,dataset_131072_backward.results.log
131072,pile,backward,causal,8,mega_ring_hybrid,124:8,2510.81,313.85,dataset_131072_backward.results.log
131072,pile,backward,causal,8,mega_ring_hybrid,128:4,2332.88,291.61,dataset_131072_backward.results.log
131072,pile,backward,causal,8,megatron_hybrid_cp,-,2306.09,288.26,dataset_131072_backward.results.log
131072,pile,backward,causal,8,zeppelin,-,1754.48,219.31,dataset_131072_backward.results.log
131072,pile,forward,causal,8,allgather_attention,128:4,1673.9,209.2,dataset_131072_forward.results.log
131072,pile,forward,causal,8,fa3_ring,128:4,440.3,55.0,dataset_131072_forward.results.log
131072,pile,forward,causal,8,llama3_allgather_attention,128:4,1445.6,180.7,dataset_131072_forward.results.log
131072,pile,forward,causal,8,magi_attention,128:4,2655.9,332.0,dataset_131072_forward.results.log
131072,pile,forward,causal,8,mega_ring_all_cp,116:16,655.7,82.0,dataset_131072_forward.results.log
131072,pile,forward,causal,8,mega_ring_all_cp,120:12,654.8,81.9,dataset_131072_forward.results.log
131072,pile,forward,causal,8,mega_ring_all_cp,124:8,653.5,81.7,dataset_131072_forward.results.log
131072,pile,forward,causal,8,mega_ring_all_cp,128:4,587.7,73.5,dataset_131072_forward.results.log
131072,pile,forward,causal,8,mega_ring_hybrid,116:16,3732.1,466.5,dataset_131072_forward.results.log
131072,pile,forward,causal,8,mega_ring_hybrid,120:12,3768.5,471.1,dataset_131072_forward.results.log
131072,pile,forward,causal,8,mega_ring_hybrid,124:8,3776.5,472.1,dataset_131072_forward.results.log
131072,pile,forward,causal,8,mega_ring_hybrid,128:4,3745.5,468.2,dataset_131072_forward.results.log
131072,pile,forward,causal,8,megatron_hybrid_cp,128:4,2477.7,309.7,dataset_131072_forward.results.log
131072,pile,forward,causal,8,zeppelin,128:4,1611.5,201.4,dataset_131072_forward.results.log
131072,prolong,backward,causal,8,allgather_attention,-,3343.01,417.88,dataset_131072_backward.results.log
131072,prolong,backward,causal,8,fa3_ring,-,3221.68,402.71,dataset_131072_backward.results.log
131072,prolong,backward,causal,8,llama3_allgather_attention,-,3465.13,433.14,dataset_131072_backward.results.log
131072,prolong,backward,causal,8,magi_attention,-,3534.37,441.8,dataset_131072_backward.results.log
131072,prolong,backward,causal,8,mega_ring_all_cp,116:16,3989.04,498.63,dataset_131072_backward.results.log
131072,prolong,backward,causal,8,mega_ring_all_cp,120:12,4069.13,508.64,dataset_131072_backward.results.log
131072,prolong,backward,causal,8,mega_ring_all_cp,124:8,4149.2,518.65,dataset_131072_backward.results.log
131072,prolong,backward,causal,8,mega_ring_all_cp,128:4,4172.65,521.58,dataset_131072_backward.results.log
131072,prolong,backward,causal,8,mega_ring_hybrid,116:16,4054.61,506.83,dataset_131072_backward.results.log
131072,prolong,backward,causal,8,mega_ring_hybrid,120:12,4132.96,516.62,dataset_131072_backward.results.log
131072,prolong,backward,causal,8,mega_ring_hybrid,124:8,4213.5,526.69,dataset_131072_backward.results.log
131072,prolong,backward,causal,8,mega_ring_hybrid,128:4,4273.93,534.24,dataset_131072_backward.results.log
131072,prolong,backward,causal,8,megatron_hybrid_cp,-,3175.71,396.96,dataset_131072_backward.results.log
131072,prolong,backward,causal,8,zeppelin,-,3036.61,379.58,dataset_131072_backward.results.log
131072,prolong,forward,causal,8,allgather_attention,128:4,4481.6,560.2,dataset_131072_forward.results.log
131072,prolong,forward,causal,8,fa3_ring,128:4,3574.2,446.8,dataset_131072_forward.results.log
131072,prolong,forward,causal,8,llama3_allgather_attention,128:4,4147.3,518.4,dataset_131072_forward.results.log
131072,prolong,forward,causal,8,magi_attention,128:4,4242.2,530.3,dataset_131072_forward.results.log
131072,prolong,forward,causal,8,mega_ring_all_cp,116:16,4540.6,567.6,dataset_131072_forward.results.log
131072,prolong,forward,causal,8,mega_ring_all_cp,120:12,4554.8,569.3,dataset_131072_forward.results.log
131072,prolong,forward,causal,8,mega_ring_all_cp,124:8,4553.4,569.2,dataset_131072_forward.results.log
131072,prolong,forward,causal,8,mega_ring_all_cp,128:4,4545.0,568.1,dataset_131072_forward.results.log
131072,prolong,forward,causal,8,mega_ring_hybrid,116:16,4622.3,577.8,dataset_131072_forward.results.log
131072,prolong,forward,causal,8,mega_ring_hybrid,120:12,4639.8,580.0,dataset_131072_forward.results.log
131072,prolong,forward,causal,8,mega_ring_hybrid,124:8,4631.1,578.9,dataset_131072_forward.results.log
131072,prolong,forward,causal,8,mega_ring_hybrid,128:4,4651.1,581.4,dataset_131072_forward.results.log
131072,prolong,forward,causal,8,megatron_hybrid_cp,128:4,3434.5,429.3,dataset_131072_forward.results.log
131072,prolong,forward,causal,8,zeppelin,128:4,3636.1,454.5,dataset_131072_forward.results.log
262144,arxiv,backward,causal,8,allgather_attention,-,2755.31,344.41,dataset_262144_backward.results.log
262144,arxiv,backward,causal,8,fa3_ring,-,2395.49,299.44,dataset_262144_backward.results.log
262144,arxiv,backward,causal,8,llama3_allgather_attention,-,2082.85,260.36,dataset_262144_backward.results.log
262144,arxiv,backward,causal,8,magi_attention,-,3597.53,449.69,dataset_262144_backward.results.log
262144,arxiv,backward,causal,8,mega_ring_all_cp,116:16,3648.04,456.01,dataset_262144_backward.results.log
262144,arxiv,backward,causal,8,mega_ring_all_cp,120:12,3718.86,464.86,dataset_262144_backward.results.log
262144,arxiv,backward,causal,8,mega_ring_all_cp,124:8,3783.53,472.94,dataset_262144_backward.results.log
262144,arxiv,backward,causal,8,mega_ring_all_cp,128:4,3784.24,473.03,dataset_262144_backward.results.log
262144,arxiv,backward,causal,8,mega_ring_hybrid,116:16,3845.9,480.74,dataset_262144_backward.results.log
262144,arxiv,backward,causal,8,mega_ring_hybrid,120:12,3922.66,490.33,dataset_262144_backward.results.log
262144,arxiv,backward,causal,8,mega_ring_hybrid,124:8,3996.62,499.58,dataset_262144_backward.results.log
262144,arxiv,backward,causal,8,mega_ring_hybrid,128:4,4036.32,504.54,dataset_262144_backward.results.log
262144,arxiv,backward,causal,8,megatron_hybrid_cp,-,2953.47,369.18,dataset_262144_backward.results.log
262144,arxiv,backward,causal,8,zeppelin,-,2363.63,295.45,dataset_262144_backward.results.log
262144,arxiv,forward,causal,8,allgather_attention,128:4,3955.8,494.5,dataset_262144_forward.results.log
262144,arxiv,forward,causal,8,fa3_ring,128:4,2778.0,347.3,dataset_262144_forward.results.log
262144,arxiv,forward,causal,8,llama3_allgather_attention,128:4,2446.3,305.8,dataset_262144_forward.results.log
262144,arxiv,forward,causal,8,magi_attention,128:4,4106.3,513.3,dataset_262144_forward.results.log
262144,arxiv,forward,causal,8,mega_ring_all_cp,116:16,4167.5,520.9,dataset_262144_forward.results.log
262144,arxiv,forward,causal,8,mega_ring_all_cp,120:12,4179.0,522.4,dataset_262144_forward.results.log
262144,arxiv,forward,causal,8,mega_ring_all_cp,124:8,4187.2,523.4,dataset_262144_forward.results.log
262144,arxiv,forward,causal,8,mega_ring_all_cp,128:4,4102.1,512.8,dataset_262144_forward.results.log
262144,arxiv,forward,causal,8,mega_ring_hybrid,116:16,4425.1,553.1,dataset_262144_forward.results.log
262144,arxiv,forward,causal,8,mega_ring_hybrid,120:12,4427.9,553.5,dataset_262144_forward.results.log
262144,arxiv,forward,causal,8,mega_ring_hybrid,124:8,4444.2,555.5,dataset_262144_forward.results.log
262144,arxiv,forward,causal,8,mega_ring_hybrid,128:4,4446.3,555.8,dataset_262144_forward.results.log
262144,arxiv,forward,causal,8,megatron_hybrid_cp,128:4,3171.2,396.4,dataset_262144_forward.results.log
262144,arxiv,forward,causal,8,zeppelin,128:4,2689.7,336.2,dataset_262144_forward.results.log
262144,freelaw,backward,causal,8,allgather_attention,-,1828.79,228.6,dataset_262144_backward.results.log
262144,freelaw,backward,causal,8,fa3_ring,-,1572.92,196.61,dataset_262144_backward.results.log
262144,freelaw,backward,causal,8,llama3_allgather_attention,-,1698.27,212.28,dataset_262144_backward.results.log
262144,freelaw,backward,causal,8,magi_attention,-,3361.54,420.19,dataset_262144_backward.results.log
262144,freelaw,backward,causal,8,mega_ring_all_cp,116:16,2607.86,325.98,dataset_262144_backward.results.log
262144,freelaw,backward,causal,8,mega_ring_all_cp,120:12,2657.26,332.16,dataset_262144_backward.results.log
262144,freelaw,backward,causal,8,mega_ring_all_cp,124:8,2713.49,339.19,dataset_262144_backward.results.log
262144,freelaw,backward,causal,8,mega_ring_all_cp,128:4,2409.65,301.21,dataset_262144_backward.results.log
262144,freelaw,backward,causal,8,mega_ring_hybrid,116:16,3528.59,441.07,dataset_262144_backward.results.log
262144,freelaw,backward,causal,8,mega_ring_hybrid,120:12,3590.61,448.83,dataset_262144_backward.results.log
262144,freelaw,backward,causal,8,mega_ring_hybrid,124:8,3620.56,452.57,dataset_262144_backward.results.log
262144,freelaw,backward,causal,8,mega_ring_hybrid,128:4,3574.54,446.82,dataset_262144_backward.results.log
262144,freelaw,backward,causal,8,megatron_hybrid_cp,-,3108.22,388.53,dataset_262144_backward.results.log
262144,freelaw,backward,causal,8,zeppelin,-,2292.96,286.62,dataset_262144_backward.results.log
262144,freelaw,forward,causal,8,allgather_attention,128:4,3003.6,375.4,dataset_262144_forward.results.log
262144,freelaw,forward,causal,8,fa3_ring,128:4,1528.5,191.1,dataset_262144_forward.results.log
262144,freelaw,forward,causal,8,llama3_allgather_attention,128:4,2032.6,254.1,dataset_262144_forward.results.log
262144,freelaw,forward,causal,8,magi_attention,128:4,3761.1,470.1,dataset_262144_forward.results.log
262144,freelaw,forward,causal,8,mega_ring_all_cp,116:16,2661.7,332.7,dataset_262144_forward.results.log
262144,freelaw,forward,causal,8,mega_ring_all_cp,120:12,2666.0,333.2,dataset_262144_forward.results.log
262144,freelaw,forward,causal,8,mega_ring_all_cp,124:8,2662.2,332.8,dataset_262144_forward.results.log
262144,freelaw,forward,causal,8,mega_ring_all_cp,128:4,2402.0,300.2,dataset_262144_forward.results.log
262144,freelaw,forward,causal,8,mega_ring_hybrid,116:16,4359.8,545.0,dataset_262144_forward.results.log
262144,freelaw,forward,causal,8,mega_ring_hybrid,120:12,4368.8,546.1,dataset_262144_forward.results.log
262144,freelaw,forward,causal,8,mega_ring_hybrid,124:8,4377.5,547.2,dataset_262144_forward.results.log
262144,freelaw,forward,causal,8,mega_ring_hybrid,128:4,4397.7,549.7,dataset_262144_forward.results.log
262144,freelaw,forward,causal,8,megatron_hybrid_cp,128:4,3393.9,424.2,dataset_262144_forward.results.log
262144,freelaw,forward,causal,8,zeppelin,128:4,2405.4,300.7,dataset_262144_forward.results.log
262144,github,backward,causal,8,allgather_attention,-,1655.21,206.9,dataset_262144_backward.results.log
262144,github,backward,causal,8,fa3_ring,-,1337.78,167.22,dataset_262144_backward.results.log
262144,github,backward,causal,8,llama3_allgather_attention,-,1724.22,215.53,dataset_262144_backward.results.log
262144,github,backward,causal,8,magi_attention,-,3303.32,412.91,dataset_262144_backward.results.log
262144,github,backward,causal,8,mega_ring_all_cp,116:16,2109.54,263.69,dataset_262144_backward.results.log
262144,github,backward,causal,8,mega_ring_all_cp,120:12,2153.73,269.22,dataset_262144_backward.results.log
262144,github,backward,causal,8,mega_ring_all_cp,124:8,2201.82,275.23,dataset_262144_backward.results.log
262144,github,backward,causal,8,mega_ring_all_cp,128:4,1954.8,244.35,dataset_262144_backward.results.log
262144,github,backward,causal,8,mega_ring_hybrid,116:16,3363.73,420.47,dataset_262144_backward.results.log
262144,github,backward,causal,8,mega_ring_hybrid,120:12,3416.0,427.0,dataset_262144_backward.results.log
262144,github,backward,causal,8,mega_ring_hybrid,124:8,3434.43,429.3,dataset_262144_backward.results.log
262144,github,backward,causal,8,mega_ring_hybrid,128:4,3373.83,421.73,dataset_262144_backward.results.log
262144,github,backward,causal,8,megatron_hybrid_cp,-,2599.82,324.98,dataset_262144_backward.results.log
262144,github,backward,causal,8,zeppelin,-,2128.55,266.07,dataset_262144_backward.results.log
262144,github,forward,causal,8,allgather_attention,128:4,2938.8,367.4,dataset_262144_forward.results.log
262144,github,forward,causal,8,fa3_ring,128:4,1314.6,164.3,dataset_262144_forward.results.log
262144,github,forward,causal,8,llama3_allgather_attention,128:4,2073.3,259.2,dataset_262144_forward.results.log
262144,github,forward,causal,8,magi_attention,128:4,3701.7,462.7,dataset_262144_forward.results.log
262144,github,forward,causal,8,mega_ring_all_cp,116:16,2006.6,250.8,dataset_262144_forward.results.log
262144,github,forward,causal,8,mega_ring_all_cp,120:12,2008.0,251.0,dataset_262144_forward.results.log
262144,github,forward,causal,8,mega_ring_all_cp,124:8,2011.5,251.4,dataset_262144_forward.results.log
262144,github,forward,causal,8,mega_ring_all_cp,128:4,1776.8,222.1,dataset_262144_forward.results.log
262144,github,forward,causal,8,mega_ring_hybrid,116:16,4299.3,537.4,dataset_262144_forward.results.log
262144,github,forward,causal,8,mega_ring_hybrid,120:12,4303.8,538.0,dataset_262144_forward.results.log
262144,github,forward,causal,8,mega_ring_hybrid,124:8,4315.9,539.5,dataset_262144_forward.results.log
262144,github,forward,causal,8,mega_ring_hybrid,128:4,4343.5,542.9,dataset_262144_forward.results.log
262144,github,forward,causal,8,megatron_hybrid_cp,128:4,2797.7,349.7,dataset_262144_forward.results.log
262144,github,forward,causal,8,zeppelin,128:4,2300.1,287.5,dataset_262144_forward.results.log
262144,pile,backward,causal,8,allgather_attention,-,938.69,117.34,dataset_262144_backward.results.log
262144,pile,backward,causal,8,fa3_ring,-,685.28,85.66,dataset_262144_backward.results.log
262144,pile,backward,causal,8,llama3_allgather_attention,-,1167.92,145.99,dataset_262144_backward.results.log
262144,pile,backward,causal,8,magi_attention,-,2912.15,364.02,dataset_262144_backward.results.log
262144,pile,backward,causal,8,mega_ring_all_cp,116:16,681.74,85.22,dataset_262144_backward.results.log
262144,pile,backward,causal,8,mega_ring_all_cp,120:12,698.89,87.36,dataset_262144_backward.results.log
262144,pile,backward,causal,8,mega_ring_all_cp,124:8,716.87,89.61,dataset_262144_backward.results.log
262144,pile,backward,causal,8,mega_ring_all_cp,128:4,689.26,86.16,dataset_262144_backward.results.log
262144,pile,backward,causal,8,mega_ring_hybrid,116:16,2382.96,297.87,dataset_262144_backward.results.log
262144,pile,backward,causal,8,mega_ring_hybrid,120:12,2419.74,302.47,dataset_262144_backward.results.log
262144,pile,backward,causal,8,mega_ring_hybrid,124:8,2398.99,299.87,dataset_262144_backward.results.log
262144,pile,backward,causal,8,mega_ring_hybrid,128:4,2259.73,282.47,dataset_262144_backward.results.log
262144,pile,backward,causal,8,megatron_hybrid_cp,-,2231.66,278.96,dataset_262144_backward.results.log
262144,pile,backward,causal,8,zeppelin,-,1990.85,248.86,dataset_262144_backward.results.log
262144,pile,forward,causal,8,allgather_attention,128:4,1945.4,243.2,dataset_262144_forward.results.log
262144,pile,forward,causal,8,fa3_ring,128:4,535.8,67.0,dataset_262144_forward.results.log
262144,pile,forward,causal,8,llama3_allgather_attention,128:4,1441.6,180.2,dataset_262144_forward.results.log
262144,pile,forward,causal,8,magi_attention,128:4,3282.1,410.3,dataset_262144_forward.results.log
262144,pile,forward,causal,8,mega_ring_all_cp,116:16,560.7,70.1,dataset_262144_forward.results.log
262144,pile,forward,causal,8,mega_ring_all_cp,120:12,561.1,70.1,dataset_262144_forward.results.log
262144,pile,forward,causal,8,mega_ring_all_cp,124:8,562.6,70.3,dataset_262144_forward.results.log
262144,pile,forward,causal,8,mega_ring_all_cp,128:4,519.7,65.0,dataset_262144_forward.results.log
262144,pile,forward,causal,8,mega_ring_hybrid,116:16,4107.3,513.4,dataset_262144_forward.results.log
262144,pile,forward,causal,8,mega_ring_hybrid,120:12,4130.6,516.3,dataset_262144_forward.results.log
262144,pile,forward,causal,8,mega_ring_hybrid,124:8,4133.3,516.7,dataset_262144_forward.results.log
262144,pile,forward,causal,8,mega_ring_hybrid,128:4,4145.0,518.1,dataset_262144_forward.results.log
262144,pile,forward,causal,8,megatron_hybrid_cp,128:4,2443.8,305.5,dataset_262144_forward.results.log
262144,pile,forward,causal,8,zeppelin,128:4,2016.5,252.1,dataset_262144_forward.results.log
262144,prolong,backward,causal,8,allgather_attention,-,3405.96,425.74,dataset_262144_backward.results.log
262144,prolong,backward,causal,8,fa3_ring,-,3532.19,441.52,dataset_262144_backward.results.log
262144,prolong,backward,causal,8,llama3_allgather_attention,-,3434.08,429.26,dataset_262144_backward.results.log
262144,prolong,backward,causal,8,magi_attention,-,3784.55,473.07,dataset_262144_backward.results.log
262144,prolong,backward,causal,8,mega_ring_all_cp,116:16,3992.49,499.06,dataset_262144_backward.results.log
262144,prolong,backward,causal,8,mega_ring_all_cp,120:12,4074.23,509.28,dataset_262144_backward.results.log
262144,prolong,backward,causal,8,mega_ring_all_cp,124:8,4156.32,519.54,dataset_262144_backward.results.log
262144,prolong,backward,causal,8,mega_ring_all_cp,128:4,4181.37,522.67,dataset_262144_backward.results.log
262144,prolong,backward,causal,8,mega_ring_hybrid,116:16,4095.72,511.97,dataset_262144_backward.results.log
262144,prolong,backward,causal,8,mega_ring_hybrid,120:12,4174.94,521.87,dataset_262144_backward.results.log
262144,prolong,backward,causal,8,mega_ring_hybrid,124:8,4255.15,531.89,dataset_262144_backward.results.log
262144,prolong,backward,causal,8,mega_ring_hybrid,128:4,4333.02,541.63,dataset_262144_backward.results.log
262144,prolong,backward,causal,8,megatron_hybrid_cp,-,3213.2,401.65,dataset_262144_backward.results.log
262144,prolong,backward,causal,8,zeppelin,-,3365.34,420.67,dataset_262144_backward.results.log
262144,prolong,forward,causal,8,allgather_attention,128:4,4440.7,555.1,dataset_262144_forward.results.log
262144,prolong,forward,causal,8,fa3_ring,128:4,3736.1,467.0,dataset_262144_forward.results.log
262144,prolong,forward,causal,8,llama3_allgather_attention,128:4,3977.8,497.2,dataset_262144_forward.results.log
262144,prolong,forward,causal,8,magi_attention,128:4,4373.9,546.7,dataset_262144_forward.results.log
262144,prolong,forward,causal,8,mega_ring_all_cp,116:16,4572.5,571.6,dataset_262144_forward.results.log
262144,prolong,forward,causal,8,mega_ring_all_cp,120:12,4580.9,572.6,dataset_262144_forward.results.log
262144,prolong,forward,causal,8,mega_ring_all_cp,124:8,4591.1,573.9,dataset_262144_forward.results.log
262144,prolong,forward,causal,8,mega_ring_all_cp,128:4,4585.8,573.2,dataset_262144_forward.results.log
262144,prolong,forward,causal,8,mega_ring_hybrid,116:16,4797.4,599.7,dataset_262144_forward.results.log
262144,prolong,forward,causal,8,mega_ring_hybrid,120:12,4805.0,600.6,dataset_262144_forward.results.log
262144,prolong,forward,causal,8,mega_ring_hybrid,124:8,4806.7,600.8,dataset_262144_forward.results.log
262144,prolong,forward,causal,8,mega_ring_hybrid,128:4,4807.9,601.0,dataset_262144_forward.results.log
262144,prolong,forward,causal,8,megatron_hybrid_cp,128:4,3477.0,434.6,dataset_262144_forward.results.log
262144,prolong,forward,causal,8,zeppelin,128:4,3563.0,445.4,dataset_262144_forward.results.log
